scope,experiment_id,experiment_slug,experiment_title,suite,target_id,target_name,transpile_spec_id,transpile_spec_name,transpile_spec_hash,reference_method_spec_id,reference_method,reference_method_spec_hash,candidate_method_spec_id,candidate_method,candidate_method_spec_hash,metric,lower_is_better,delta_definition,relative_improvement_definition,n_candidate_keys,n_paired_view_verified_keys,n_base_eligible_pairs,n_pairs,n_relative_defined,n_excluded,win_count,tie_count,loss_count,reference_mean,reference_median,candidate_mean,candidate_median,mean_delta,mean_delta_ci_low,mean_delta_ci_high,median_delta,median_delta_ci_low,median_delta_ci_high,mean_relative_improvement_pct,mean_relative_improvement_pct_ci_low,mean_relative_improvement_pct_ci_high,median_relative_improvement_pct,median_relative_improvement_pct_ci_low,median_relative_improvement_pct_ci_high,wilcoxon_statistic,wilcoxon_p_raw,wilcoxon_zero_method,wilcoxon_nonzero_pairs,rank_biserial,rank_biserial_ci_low,rank_biserial_ci_high,holm_family,holm_family_size,holm_p_adjusted,holm_reject,alpha,exclusion_counts_json
logical,2577a60b-efeb-5683-93fc-007ea0cd77aa,xa202609-hardware-validation-v1,XA-202609 Boolean Oracle hardware validation,xa202609-final-v1,,logical,,,,47a9e486-8933-5182-aa78-3d50553dd40e,direct_anf,fcdd271312fc2b85e938d2db6e98c748aed2f60edd36efdf0a7468f40b033b4f,0a4754fd-bfe1-582b-9693-ed5462cb787a,resource_nmcts[learned:6ba157fb9b55],c84c20115a0fe93b66a4b98f59915b685e858339601976d443b1fc5d67848504,ancilla_count,True,candidate - reference; negative favours candidate,100 * (reference - candidate) / abs(reference); positive favours candidate,8,8,8,8,8,0,0,4,4,1.0,1.0,1.5,1.5,0.5,0.125,0.875,0.5,0.0,1.0,-50.0,-87.5,-12.5,-50.0,-100.0,0.0,0.0,0.125,wilcox,4,-1.0,-1.0,-1.0,global across all emitted Wilcoxon hypotheses,125,1.0,False,0.05,{}
logical,2577a60b-efeb-5683-93fc-007ea0cd77aa,xa202609-hardware-validation-v1,XA-202609 Boolean Oracle hardware validation,xa202609-final-v1,,logical,,,,47a9e486-8933-5182-aa78-3d50553dd40e,direct_anf,fcdd271312fc2b85e938d2db6e98c748aed2f60edd36efdf0a7468f40b033b4f,0a4754fd-bfe1-582b-9693-ed5462cb787a,resource_nmcts[learned:6ba157fb9b55],c84c20115a0fe93b66a4b98f59915b685e858339601976d443b1fc5d67848504,cnot_count,True,candidate - reference; negative favours candidate,100 * (reference - candidate) / abs(reference); positive favours candidate,8,8,8,8,8,0,4,2,2,66.0,32.0,34.5,31.0,-31.5,-76.125,1.0,-3.5,-124.0,3.0,13.702153110047846,-8.977272727272727,37.18921949760759,7.954545454545454,-15.249999999999986,65.26315789473684,3.0,0.15625,wilcox,6,0.7142857142857143,-0.2,1.0,global across all emitted Wilcoxon hypotheses,125,1.0,False,0.05,{}
logical,2577a60b-efeb-5683-93fc-007ea0cd77aa,xa202609-hardware-validation-v1,XA-202609 Boolean Oracle hardware validation,xa202609-final-v1,,logical,,,,47a9e486-8933-5182-aa78-3d50553dd40e,direct_anf,fcdd271312fc2b85e938d2db6e98c748aed2f60edd36efdf0a7468f40b033b4f,0a4754fd-bfe1-582b-9693-ed5462cb787a,resource_nmcts[learned:6ba157fb9b55],c84c20115a0fe93b66a4b98f59915b685e858339601976d443b1fc5d67848504,depth,True,candidate - reference; negative favours candidate,100 * (reference - candidate) / abs(reference); positive favours candidate,8,8,8,8,8,0,4,2,2,66.0,32.0,38.875,35.5,-27.125,-59.378125,3.628124999999983,-1.5,-115.0,9.0,4.279306220095694,-23.98153409090909,32.203947368421055,3.409090909090909,-30.0,60.526315789473685,7.0,0.53125,wilcox,6,0.3333333333333333,-0.7142857142857143,1.0,global across all emitted Wilcoxon hypotheses,125,1.0,False,0.05,{}
logical,2577a60b-efeb-5683-93fc-007ea0cd77aa,xa202609-hardware-validation-v1,XA-202609 Boolean Oracle hardware validation,xa202609-final-v1,,logical,,,,47a9e486-8933-5182-aa78-3d50553dd40e,direct_anf,fcdd271312fc2b85e938d2db6e98c748aed2f60edd36efdf0a7468f40b033b4f,0a4754fd-bfe1-582b-9693-ed5462cb787a,resource_nmcts[learned:6ba157fb9b55],c84c20115a0fe93b66a4b98f59915b685e858339601976d443b1fc5d67848504,gate_count,True,candidate - reference; negative favours candidate,100 * (reference - candidate) / abs(reference); positive favours candidate,8,8,8,8,8,0,0,2,6,6.25,4.5,13.875,14.0,7.625,4.375,10.625,9.5,0.0,12.0,-161.96428571428572,-286.25892857142856,-59.285714285714285,-104.28571428571429,-253.57142857142856,-40.0,0.0,0.03125,wilcox,6,-1.0,-1.0,-1.0,global across all emitted Wilcoxon hypotheses,125,1.0,False,0.05,{}
logical,2577a60b-efeb-5683-93fc-007ea0cd77aa,xa202609-hardware-validation-v1,XA-202609 Boolean Oracle hardware validation,xa202609-final-v1,,logical,,,,47a9e486-8933-5182-aa78-3d50553dd40e,direct_anf,fcdd271312fc2b85e938d2db6e98c748aed2f60edd36efdf0a7468f40b033b4f,0a4754fd-bfe1-582b-9693-ed5462cb787a,resource_nmcts[learned:6ba157fb9b55],c84c20115a0fe93b66a4b98f59915b685e858339601976d443b1fc5d67848504,n_qubits,True,candidate - reference; negative favours candidate,100 * (reference - candidate) / abs(reference); positive favours candidate,8,8,8,8,8,0,0,2,6,5.75,5.5,6.5,6.5,0.75,0.375,1.0,1.0,0.0,1.0,-12.738095238095239,-17.50297619047619,-6.666666666666667,-15.476190476190478,-18.333333333333336,0.0,0.0,0.03125,wilcox,6,-1.0,-1.0,-1.0,global across all emitted Wilcoxon hypotheses,125,1.0,False,0.05,{}
logical,2577a60b-efeb-5683-93fc-007ea0cd77aa,xa202609-hardware-validation-v1,XA-202609 Boolean Oracle hardware validation,xa202609-final-v1,,logical,,,,47a9e486-8933-5182-aa78-3d50553dd40e,direct_anf,fcdd271312fc2b85e938d2db6e98c748aed2f60edd36efdf0a7468f40b033b4f,0a4754fd-bfe1-582b-9693-ed5462cb787a,resource_nmcts[learned:6ba157fb9b55],c84c20115a0fe93b66a4b98f59915b685e858339601976d443b1fc5d67848504,runtime_s,True,candidate - reference; negative favours candidate,100 * (reference - candidate) / abs(reference); positive favours candidate,8,8,8,8,8,0,0,0,8,0.00011688750009852811,0.00010294999992765952,0.2716116124997825,0.2776936499999465,0.27149472499968397,0.14904865812464438,0.3951588159374778,0.27760894999983066,0.10202949999984412,0.5128401000001759,-239078.41662944842,-345370.86247308727,-129961.70830837726,-236590.63790734118,-405685.999821115,-21794.475621553494,0.0,0.0078125,wilcox,8,-1.0,-1.0,-1.0,global across all emitted Wilcoxon hypotheses,125,0.9765625,False,0.05,{}
logical,2577a60b-efeb-5683-93fc-007ea0cd77aa,xa202609-hardware-validation-v1,XA-202609 Boolean Oracle hardware validation,xa202609-final-v1,,logical,,,,47a9e486-8933-5182-aa78-3d50553dd40e,direct_anf,fcdd271312fc2b85e938d2db6e98c748aed2f60edd36efdf0a7468f40b033b4f,0a4754fd-bfe1-582b-9693-ed5462cb787a,resource_nmcts[learned:6ba157fb9b55],c84c20115a0fe93b66a4b98f59915b685e858339601976d443b1fc5d67848504,t_count,True,candidate - reference; negative favours candidate,100 * (reference - candidate) / abs(reference); positive favours candidate,8,8,8,8,8,0,6,2,0,94.0,38.0,27.0,24.0,-67.0,-129.0,-8.0,-16.0,-236.0,0.0,39.532967032967036,18.035714285714285,62.35714285714274,36.92307692307692,0.0,84.28571428571429,0.0,0.03125,wilcox,6,1.0,1.0,1.0,global across all emitted Wilcoxon hypotheses,125,1.0,False,0.05,{}
logical,2577a60b-efeb-5683-93fc-007ea0cd77aa,xa202609-hardware-validation-v1,XA-202609 Boolean Oracle hardware validation,xa202609-final-v1,,logical,,,,47a9e486-8933-5182-aa78-3d50553dd40e,direct_anf,fcdd271312fc2b85e938d2db6e98c748aed2f60edd36efdf0a7468f40b033b4f,0a4754fd-bfe1-582b-9693-ed5462cb787a,resource_nmcts[learned:6ba157fb9b55],c84c20115a0fe93b66a4b98f59915b685e858339601976d443b1fc5d67848504,weighted_score,True,candidate - reference; negative favours candidate,100 * (reference - candidate) / abs(reference); positive favours candidate,8,8,8,0,0,8,0,0,0,,,,,,,,,,,,,,,,,,,wilcox,0,,,,global across all emitted Wilcoxon hypotheses,125,,False,0.05,"{""reference_metric_missing_or_nonfinite"":8}"
logical,2577a60b-efeb-5683-93fc-007ea0cd77aa,xa202609-hardware-validation-v1,XA-202609 Boolean Oracle hardware validation,xa202609-final-v1,,logical,,,,5e2efe12-13bd-5dca-939a-01d0d34ea2c6,greedy_factor,2c93edc65b3032117b7bea3bd6a3dc43e2cb5298f91e46702328a297fa814f43,0a4754fd-bfe1-582b-9693-ed5462cb787a,resource_nmcts[learned:6ba157fb9b55],c84c20115a0fe93b66a4b98f59915b685e858339601976d443b1fc5d67848504,ancilla_count,True,candidate - reference; negative favours candidate,100 * (reference - candidate) / abs(reference); positive favours candidate,8,8,8,8,8,0,0,8,0,1.5,1.5,1.5,1.5,0.0,0.0,0.0,0.0,0.0,0.0,0.0,0.0,0.0,0.0,0.0,0.0,0.0,1.0,wilcox,0,0.0,0.0,0.0,global across all emitted Wilcoxon hypotheses,125,1.0,False,0.05,{}
logical,2577a60b-efeb-5683-93fc-007ea0cd77aa,xa202609-hardware-validation-v1,XA-202609 Boolean Oracle hardware validation,xa202609-final-v1,,logical,,,,5e2efe12-13bd-5dca-939a-01d0d34ea2c6,greedy_factor,2c93edc65b3032117b7bea3bd6a3dc43e2cb5298f91e46702328a297fa814f43,0a4754fd-bfe1-582b-9693-ed5462cb787a,resource_nmcts[learned:6ba157fb9b55],c84c20115a0fe93b66a4b98f59915b685e858339601976d443b1fc5d67848504,cnot_count,True,candidate - reference; negative favours candidate,100 * (reference - candidate) / abs(reference); positive favours candidate,8,8,8,8,8,0,4,2,2,63.75,33.5,34.5,31.0,-29.25,-69.25,0.75,-5.0,-112.0,5.0,14.440443461630409,-7.699468085106382,38.2420661008845,10.638297872340425,-25.0,62.921348314606746,3.0,0.15625,wilcox,6,0.7142857142857143,-0.3333333333333333,1.0,global across all emitted Wilcoxon hypotheses,125,1.0,False,0.05,{}
logical,2577a60b-efeb-5683-93fc-007ea0cd77aa,xa202609-hardware-validation-v1,XA-202609 Boolean Oracle hardware validation,xa202609-final-v1,,logical,,,,5e2efe12-13bd-5dca-939a-01d0d34ea2c6,greedy_factor,2c93edc65b3032117b7bea3bd6a3dc43e2cb5298f91e46702328a297fa814f43,0a4754fd-bfe1-582b-9693-ed5462cb787a,resource_nmcts[learned:6ba157fb9b55],c84c20115a0fe93b66a4b98f59915b685e858339601976d443b1fc5d67848504,depth,True,candidate - reference; negative favours candidate,100 * (reference - candidate) / abs(reference); positive favours candidate,8,8,8,8,8,0,4,2,2,63.75,33.5,38.875,35.5,-24.875,-53.5,2.375,-3.0,-55.5,9.0,5.06469639015061,-22.767163967248386,32.65598852498207,6.382978723404255,-45.0,57.86516853932584,7.0,0.53125,wilcox,6,0.3333333333333333,-0.7142857142857143,1.0,global across all emitted Wilcoxon hypotheses,125,1.0,False,0.05,{}
logical,2577a60b-efeb-5683-93fc-007ea0cd77aa,xa202609-hardware-validation-v1,XA-202609 Boolean Oracle hardware validation,xa202609-final-v1,,logical,,,,5e2efe12-13bd-5dca-939a-01d0d34ea2c6,greedy_factor,2c93edc65b3032117b7bea3bd6a3dc43e2cb5298f91e46702328a297fa814f43,0a4754fd-bfe1-582b-9693-ed5462cb787a,resource_nmcts[learned:6ba157fb9b55],c84c20115a0fe93b66a4b98f59915b685e858339601976d443b1fc5d67848504,gate_count,True,candidate - reference; negative favours candidate,100 * (reference - candidate) / abs(reference); positive favours candidate,8,8,8,8,8,0,0,2,6,8.75,5.5,13.875,14.0,5.125,2.625,7.5,5.5,2.0,8.512499999999932,-132.82004830917873,-270.32004830917873,-24.396135265700483,-47.58454106280193,-350.0,-8.695652173913043,0.0,0.03125,wilcox,6,-1.0,-1.0,-1.0,global across all emitted Wilcoxon hypotheses,125,1.0,False,0.05,{}
logical,2577a60b-efeb-5683-93fc-007ea0cd77aa,xa202609-hardware-validation-v1,XA-202609 Boolean Oracle hardware validation,xa202609-final-v1,,logical,,,,5e2efe12-13bd-5dca-939a-01d0d34ea2c6,greedy_factor,2c93edc65b3032117b7bea3bd6a3dc43e2cb5298f91e46702328a297fa814f43,0a4754fd-bfe1-582b-9693-ed5462cb787a,resource_nmcts[learned:6ba157fb9b55],c84c20115a0fe93b66a4b98f59915b685e858339601976d443b1fc5d67848504,n_qubits,True,candidate - reference; negative favours candidate,100 * (reference - candidate) / abs(reference); positive favours candidate,8,8,8,8,8,0,0,6,2,6.25,6.5,6.5,6.5,0.25,0.0,0.625,0.0,0.0,0.5124999999999318,-3.5714285714285716,-7.142857142857143,0.0,0.0,-14.285714285714286,0.0,0.0,0.5,wilcox,2,-1.0,-1.0,0.0,global across all emitted Wilcoxon hypotheses,125,1.0,False,0.05,{}
logical,2577a60b-efeb-5683-93fc-007ea0cd77aa,xa202609-hardware-validation-v1,XA-202609 Boolean Oracle hardware validation,xa202609-final-v1,,logical,,,,5e2efe12-13bd-5dca-939a-01d0d34ea2c6,greedy_factor,2c93edc65b3032117b7bea3bd6a3dc43e2cb5298f91e46702328a297fa814f43,0a4754fd-bfe1-582b-9693-ed5462cb787a,resource_nmcts[learned:6ba157fb9b55],c84c20115a0fe93b66a4b98f59915b685e858339601976d443b1fc5d67848504,runtime_s,True,candidate - reference; negative favours candidate,100 * (reference - candidate) / abs(reference); positive favours candidate,8,8,8,8,8,0,0,0,8,0.000394087500239948,0.0001890000007733761,0.2716116124997825,0.2776936499999465,0.27121752499954255,0.14585363062435874,0.3952997318744309,0.277455149999696,0.021656500000062806,0.429935700000442,-119410.25507350489,-199664.82139778015,-48098.183741856024,-82675.49585832463,-217169.64222871372,-17678.77543183829,0.0,0.0078125,wilcox,8,-1.0,-1.0,-1.0,global across all emitted Wilcoxon hypotheses,125,0.9765625,False,0.05,{}
logical,2577a60b-efeb-5683-93fc-007ea0cd77aa,xa202609-hardware-validation-v1,XA-202609 Boolean Oracle hardware validation,xa202609-final-v1,,logical,,,,5e2efe12-13bd-5dca-939a-01d0d34ea2c6,greedy_factor,2c93edc65b3032117b7bea3bd6a3dc43e2cb5298f91e46702328a297fa814f43,0a4754fd-bfe1-582b-9693-ed5462cb787a,resource_nmcts[learned:6ba157fb9b55],c84c20115a0fe93b66a4b98f59915b685e858339601976d443b1fc5d67848504,t_count,True,candidate - reference; negative favours candidate,100 * (reference - candidate) / abs(reference); positive favours candidate,8,8,8,8,8,0,6,2,0,58.0,30.0,27.0,24.0,-31.0,-69.0,-4.0,-8.0,-108.0,0.0,31.096491228070178,13.333333333333334,50.54002192982448,26.666666666666668,0.0,71.05263157894737,0.0,0.03125,wilcox,6,1.0,1.0,1.0,global across all emitted Wilcoxon hypotheses,125,1.0,False,0.05,{}
logical,2577a60b-efeb-5683-93fc-007ea0cd77aa,xa202609-hardware-validation-v1,XA-202609 Boolean Oracle hardware validation,xa202609-final-v1,,logical,,,,5e2efe12-13bd-5dca-939a-01d0d34ea2c6,greedy_factor,2c93edc65b3032117b7bea3bd6a3dc43e2cb5298f91e46702328a297fa814f43,0a4754fd-bfe1-582b-9693-ed5462cb787a,resource_nmcts[learned:6ba157fb9b55],c84c20115a0fe93b66a4b98f59915b685e858339601976d443b1fc5d67848504,weighted_score,True,candidate - reference; negative favours candidate,100 * (reference - candidate) / abs(reference); positive favours candidate,8,8,8,0,0,8,0,0,0,,,,,,,,,,,,,,,,,,,wilcox,0,,,,global across all emitted Wilcoxon hypotheses,125,,False,0.05,"{""reference_metric_missing_or_nonfinite"":8}"
logical,2577a60b-efeb-5683-93fc-007ea0cd77aa,xa202609-hardware-validation-v1,XA-202609 Boolean Oracle hardware validation,xa202609-final-v1,,logical,,,,5477e6fa-bceb-56c0-ad4f-b53a53774027,mcts_factor,cddf5da22fbdbf023c5b240a48c49eb3e8f3299a0810243c5534a71158709686,0a4754fd-bfe1-582b-9693-ed5462cb787a,resource_nmcts[learned:6ba157fb9b55],c84c20115a0fe93b66a4b98f59915b685e858339601976d443b1fc5d67848504,ancilla_count,True,candidate - reference; negative favours candidate,100 * (reference - candidate) / abs(reference); positive favours candidate,8,8,8,8,8,0,0,8,0,1.5,1.5,1.5,1.5,0.0,0.0,0.0,0.0,0.0,0.0,0.0,0.0,0.0,0.0,0.0,0.0,0.0,1.0,wilcox,0,0.0,0.0,0.0,global across all emitted Wilcoxon hypotheses,125,1.0,False,0.05,{}
logical,2577a60b-efeb-5683-93fc-007ea0cd77aa,xa202609-hardware-validation-v1,XA-202609 Boolean Oracle hardware validation,xa202609-final-v1,,logical,,,,5477e6fa-bceb-56c0-ad4f-b53a53774027,mcts_factor,cddf5da22fbdbf023c5b240a48c49eb3e8f3299a0810243c5534a71158709686,0a4754fd-bfe1-582b-9693-ed5462cb787a,resource_nmcts[learned:6ba157fb9b55],c84c20115a0fe93b66a4b98f59915b685e858339601976d443b1fc5d67848504,cnot_count,True,candidate - reference; negative favours candidate,100 * (reference - candidate) / abs(reference); positive favours candidate,8,8,8,8,8,0,4,2,2,63.75,33.5,34.5,31.0,-29.25,-69.25,0.125,-5.0,-112.0,5.0,14.440443461630409,-8.433178191489363,37.045780540282095,10.638297872340425,-25.0,62.921348314606746,3.0,0.15625,wilcox,6,0.7142857142857143,-0.16666666666666666,1.0,global across all emitted Wilcoxon hypotheses,125,1.0,False,0.05,{}
logical,2577a60b-efeb-5683-93fc-007ea0cd77aa,xa202609-hardware-validation-v1,XA-202609 Boolean Oracle hardware validation,xa202609-final-v1,,logical,,,,5477e6fa-bceb-56c0-ad4f-b53a53774027,mcts_factor,cddf5da22fbdbf023c5b240a48c49eb3e8f3299a0810243c5534a71158709686,0a4754fd-bfe1-582b-9693-ed5462cb787a,resource_nmcts[learned:6ba157fb9b55],c84c20115a0fe93b66a4b98f59915b685e858339601976d443b1fc5d67848504,depth,True,candidate - reference; negative favours candidate,100 * (reference - candidate) / abs(reference); positive favours candidate,8,8,8,8,8,0,4,2,2,63.75,33.5,38.875,35.5,-24.875,-62.753125000000004,2.375,-3.0,-103.0,6.0,5.06469639015061,-22.514504392780303,32.13647501792972,6.382978723404255,-45.0,57.86516853932584,7.0,0.53125,wilcox,6,0.3333333333333333,-0.6666666666666666,1.0,global across all emitted Wilcoxon hypotheses,125,1.0,False,0.05,{}
logical,2577a60b-efeb-5683-93fc-007ea0cd77aa,xa202609-hardware-validation-v1,XA-202609 Boolean Oracle hardware validation,xa202609-final-v1,,logical,,,,5477e6fa-bceb-56c0-ad4f-b53a53774027,mcts_factor,cddf5da22fbdbf023c5b240a48c49eb3e8f3299a0810243c5534a71158709686,0a4754fd-bfe1-582b-9693-ed5462cb787a,resource_nmcts[learned:6ba157fb9b55],c84c20115a0fe93b66a4b98f59915b685e858339601976d443b1fc5d67848504,gate_count,True,candidate - reference; negative favours candidate,100 * (reference - candidate) / abs(reference); positive favours candidate,8,8,8,8,8,0,0,2,6,8.75,5.5,13.875,14.0,5.125,2.625,7.503124999999983,5.5,0.0,9.0,-132.82004830917873,-276.5851449275362,-28.140096618357486,-47.58454106280193,-350.0,-8.695652173913043,0.0,0.03125,wilcox,6,-1.0,-1.0,-1.0,global across all emitted Wilcoxon hypotheses,125,1.0,False,0.05,{}
logical,2577a60b-efeb-5683-93fc-007ea0cd77aa,xa202609-hardware-validation-v1,XA-202609 Boolean Oracle hardware validation,xa202609-final-v1,,logical,,,,5477e6fa-bceb-56c0-ad4f-b53a53774027,mcts_factor,cddf5da22fbdbf023c5b240a48c49eb3e8f3299a0810243c5534a71158709686,0a4754fd-bfe1-582b-9693-ed5462cb787a,resource_nmcts[learned:6ba157fb9b55],c84c20115a0fe93b66a4b98f59915b685e858339601976d443b1fc5d67848504,n_qubits,True,candidate - reference; negative favours candidate,100 * (reference - candidate) / abs(reference); positive favours candidate,8,8,8,8,8,0,0,6,2,6.25,6.5,6.5,6.5,0.25,0.0,0.625,0.0,0.0,1.0,-3.5714285714285716,-8.928571428571429,0.0,0.0,-14.285714285714286,0.0,0.0,0.5,wilcox,2,-1.0,-1.0,0.0,global across all emitted Wilcoxon hypotheses,125,1.0,False,0.05,{}
logical,2577a60b-efeb-5683-93fc-007ea0cd77aa,xa202609-hardware-validation-v1,XA-202609 Boolean Oracle hardware validation,xa202609-final-v1,,logical,,,,5477e6fa-bceb-56c0-ad4f-b53a53774027,mcts_factor,cddf5da22fbdbf023c5b240a48c49eb3e8f3299a0810243c5534a71158709686,0a4754fd-bfe1-582b-9693-ed5462cb787a,resource_nmcts[learned:6ba157fb9b55],c84c20115a0fe93b66a4b98f59915b685e858339601976d443b1fc5d67848504,runtime_s,True,candidate - reference; negative favours candidate,100 * (reference - candidate) / abs(reference); positive favours candidate,8,8,8,8,8,0,0,0,8,0.008113087500078109,0.0011959999997088744,0.2716116124997825,0.2776936499999465,0.2634985249997044,0.1467837003120394,0.38082284437456043,0.2753152499999487,0.10081144999912794,0.4852037000000564,-57837.59850137238,-128446.23182917008,-8080.5748308037255,-13245.28574353826,-123969.68006393989,-1747.4805426611142,0.0,0.0078125,wilcox,8,-1.0,-1.0,-1.0,global across all emitted Wilcoxon hypotheses,125,0.9765625,False,0.05,{}
logical,2577a60b-efeb-5683-93fc-007ea0cd77aa,xa202609-hardware-validation-v1,XA-202609 Boolean Oracle hardware validation,xa202609-final-v1,,logical,,,,5477e6fa-bceb-56c0-ad4f-b53a53774027,mcts_factor,cddf5da22fbdbf023c5b240a48c49eb3e8f3299a0810243c5534a71158709686,0a4754fd-bfe1-582b-9693-ed5462cb787a,resource_nmcts[learned:6ba157fb9b55],c84c20115a0fe93b66a4b98f59915b685e858339601976d443b1fc5d67848504,t_count,True,candidate - reference; negative favours candidate,100 * (reference - candidate) / abs(reference); positive favours candidate,8,8,8,8,8,0,6,2,0,58.0,30.0,27.0,24.0,-31.0,-68.0,-3.5,-8.0,-108.0,-2.0,31.096491228070178,13.333333333333334,50.526315789473685,26.666666666666668,0.0,71.05263157894737,0.0,0.03125,wilcox,6,1.0,1.0,1.0,global across all emitted Wilcoxon hypotheses,125,1.0,False,0.05,{}
logical,2577a60b-efeb-5683-93fc-007ea0cd77aa,xa202609-hardware-validation-v1,XA-202609 Boolean Oracle hardware validation,xa202609-final-v1,,logical,,,,5477e6fa-bceb-56c0-ad4f-b53a53774027,mcts_factor,cddf5da22fbdbf023c5b240a48c49eb3e8f3299a0810243c5534a71158709686,0a4754fd-bfe1-582b-9693-ed5462cb787a,resource_nmcts[learned:6ba157fb9b55],c84c20115a0fe93b66a4b98f59915b685e858339601976d443b1fc5d67848504,weighted_score,True,candidate - reference; negative favours candidate,100 * (reference - candidate) / abs(reference); positive favours candidate,8,8,8,0,0,8,0,0,0,,,,,,,,,,,,,,,,,,,wilcox,0,,,,global across all emitted Wilcoxon hypotheses,125,,False,0.05,"{""reference_metric_missing_or_nonfinite"":8}"
logical,2577a60b-efeb-5683-93fc-007ea0cd77aa,xa202609-hardware-validation-v1,XA-202609 Boolean Oracle hardware validation,xa202609-final-v1,,logical,,,,1629eb01-5621-5f4b-a49c-d9b69fd802c3,sshr_beam,ff1b07e81d71bb593535bb98a98a60866fed9a5ca57e72826e9505c1bfe26883,0a4754fd-bfe1-582b-9693-ed5462cb787a,resource_nmcts[learned:6ba157fb9b55],c84c20115a0fe93b66a4b98f59915b685e858339601976d443b1fc5d67848504,ancilla_count,True,candidate - reference; negative favours candidate,100 * (reference - candidate) / abs(reference); positive favours candidate,8,8,8,8,8,0,0,4,4,1.0,1.0,1.5,1.5,0.5,0.125,0.875,0.5,0.0,1.0,-50.0,-87.5,-12.5,-50.0,-100.0,0.0,0.0,0.125,wilcox,4,-1.0,-1.0,-1.0,global across all emitted Wilcoxon hypotheses,125,1.0,False,0.05,{}
logical,2577a60b-efeb-5683-93fc-007ea0cd77aa,xa202609-hardware-validation-v1,XA-202609 Boolean Oracle hardware validation,xa202609-final-v1,,logical,,,,1629eb01-5621-5f4b-a49c-d9b69fd802c3,sshr_beam,ff1b07e81d71bb593535bb98a98a60866fed9a5ca57e72826e9505c1bfe26883,0a4754fd-bfe1-582b-9693-ed5462cb787a,resource_nmcts[learned:6ba157fb9b55],c84c20115a0fe93b66a4b98f59915b685e858339601976d443b1fc5d67848504,cnot_count,True,candidate - reference; negative favours candidate,100 * (reference - candidate) / abs(reference); positive favours candidate,8,8,8,8,8,0,4,2,2,37.0,32.0,34.5,31.0,-2.5,-5.625,0.125,-2.0,-8.0,1.5,4.614467408585056,-1.643829491255962,10.520468998410163,5.405405405405405,-5.882352941176471,13.333333333333334,3.0,0.15625,wilcox,6,0.7142857142857143,-0.2,1.0,global across all emitted Wilcoxon hypotheses,125,1.0,False,0.05,{}
logical,2577a60b-efeb-5683-93fc-007ea0cd77aa,xa202609-hardware-validation-v1,XA-202609 Boolean Oracle hardware validation,xa202609-final-v1,,logical,,,,1629eb01-5621-5f4b-a49c-d9b69fd802c3,sshr_beam,ff1b07e81d71bb593535bb98a98a60866fed9a5ca57e72826e9505c1bfe26883,0a4754fd-bfe1-582b-9693-ed5462cb787a,resource_nmcts[learned:6ba157fb9b55],c84c20115a0fe93b66a4b98f59915b685e858339601976d443b1fc5d67848504,depth,True,candidate - reference; negative favours candidate,100 * (reference - candidate) / abs(reference); positive favours candidate,8,8,8,8,8,0,5,3,0,41.0,38.0,38.875,35.5,-2.125,-3.375,-0.75,-3.0,-3.0,0.0,4.406140734265734,1.8138111888111887,7.386363636363637,3.8461538461538463,0.0,9.375,0.0,0.0625,wilcox,5,1.0,1.0,1.0,global across all emitted Wilcoxon hypotheses,125,1.0,False,0.05,{}
logical,2577a60b-efeb-5683-93fc-007ea0cd77aa,xa202609-hardware-validation-v1,XA-202609 Boolean Oracle hardware validation,xa202609-final-v1,,logical,,,,1629eb01-5621-5f4b-a49c-d9b69fd802c3,sshr_beam,ff1b07e81d71bb593535bb98a98a60866fed9a5ca57e72826e9505c1bfe26883,0a4754fd-bfe1-582b-9693-ed5462cb787a,resource_nmcts[learned:6ba157fb9b55],c84c20115a0fe93b66a4b98f59915b685e858339601976d443b1fc5d67848504,gate_count,True,candidate - reference; negative favours candidate,100 * (reference - candidate) / abs(reference); positive favours candidate,8,8,8,8,8,0,1,2,5,11.25,11.5,13.875,14.0,2.625,0.75,4.625,2.0,0.0,6.0,-25.892857142857142,-49.42489495798319,-5.042016806722689,-17.226890756302524,-50.0,0.0,1.5,0.09375,wilcox,6,-0.8571428571428571,-1.0,-0.2857142857142857,global across all emitted Wilcoxon hypotheses,125,1.0,False,0.05,{}
logical,2577a60b-efeb-5683-93fc-007ea0cd77aa,xa202609-hardware-validation-v1,XA-202609 Boolean Oracle hardware validation,xa202609-final-v1,,logical,,,,1629eb01-5621-5f4b-a49c-d9b69fd802c3,sshr_beam,ff1b07e81d71bb593535bb98a98a60866fed9a5ca57e72826e9505c1bfe26883,0a4754fd-bfe1-582b-9693-ed5462cb787a,resource_nmcts[learned:6ba157fb9b55],c84c20115a0fe93b66a4b98f59915b685e858339601976d443b1fc5d67848504,n_qubits,True,candidate - reference; negative favours candidate,100 * (reference - candidate) / abs(reference); positive favours candidate,8,8,8,8,8,0,0,2,6,5.75,5.5,6.5,6.5,0.75,0.375,1.0,1.0,0.0,1.0,-12.738095238095239,-17.61904761904762,-7.498511904761913,-15.476190476190478,-20.0,0.0,0.0,0.03125,wilcox,6,-1.0,-1.0,-1.0,global across all emitted Wilcoxon hypotheses,125,1.0,False,0.05,{}
logical,2577a60b-efeb-5683-93fc-007ea0cd77aa,xa202609-hardware-validation-v1,XA-202609 Boolean Oracle hardware validation,xa202609-final-v1,,logical,,,,1629eb01-5621-5f4b-a49c-d9b69fd802c3,sshr_beam,ff1b07e81d71bb593535bb98a98a60866fed9a5ca57e72826e9505c1bfe26883,0a4754fd-bfe1-582b-9693-ed5462cb787a,resource_nmcts[learned:6ba157fb9b55],c84c20115a0fe93b66a4b98f59915b685e858339601976d443b1fc5d67848504,runtime_s,True,candidate - reference; negative favours candidate,100 * (reference - candidate) / abs(reference); positive favours candidate,8,8,8,8,8,0,2,0,6,0.12175399999978254,0.026309150000088266,0.2716116124997825,0.2776936499999465,0.14985761249999996,-0.09809850718764039,0.3646672625002196,0.27430525000045236,-0.32709459999932733,0.4517604000011488,-4785.011754148454,-8487.14562467629,-1420.9856837428688,-3504.681592425472,-10830.367641005583,93.75733790100188,11.0,0.3828125,wilcox,8,-0.3888888888888889,-1.0,0.3888888888888889,global across all emitted Wilcoxon hypotheses,125,1.0,False,0.05,{}
logical,2577a60b-efeb-5683-93fc-007ea0cd77aa,xa202609-hardware-validation-v1,XA-202609 Boolean Oracle hardware validation,xa202609-final-v1,,logical,,,,1629eb01-5621-5f4b-a49c-d9b69fd802c3,sshr_beam,ff1b07e81d71bb593535bb98a98a60866fed9a5ca57e72826e9505c1bfe26883,0a4754fd-bfe1-582b-9693-ed5462cb787a,resource_nmcts[learned:6ba157fb9b55],c84c20115a0fe93b66a4b98f59915b685e858339601976d443b1fc5d67848504,t_count,True,candidate - reference; negative favours candidate,100 * (reference - candidate) / abs(reference); positive favours candidate,8,8,8,8,8,0,6,2,0,49.0,38.0,27.0,24.0,-22.0,-35.5,-9.5,-18.0,-36.39999999999998,0.0,37.40530303030303,19.791666666666664,50.42613636363636,47.72727272727273,0.0,54.166666666666664,0.0,0.03125,wilcox,6,1.0,1.0,1.0,global across all emitted Wilcoxon hypotheses,125,1.0,False,0.05,{}
logical,2577a60b-efeb-5683-93fc-007ea0cd77aa,xa202609-hardware-validation-v1,XA-202609 Boolean Oracle hardware validation,xa202609-final-v1,,logical,,,,1629eb01-5621-5f4b-a49c-d9b69fd802c3,sshr_beam,ff1b07e81d71bb593535bb98a98a60866fed9a5ca57e72826e9505c1bfe26883,0a4754fd-bfe1-582b-9693-ed5462cb787a,resource_nmcts[learned:6ba157fb9b55],c84c20115a0fe93b66a4b98f59915b685e858339601976d443b1fc5d67848504,weighted_score,True,candidate - reference; negative favours candidate,100 * (reference - candidate) / abs(reference); positive favours candidate,8,8,8,0,0,8,0,0,0,,,,,,,,,,,,,,,,,,,wilcox,0,,,,global across all emitted Wilcoxon hypotheses,125,,False,0.05,"{""reference_metric_missing_or_nonfinite"":8}"
logical,2577a60b-efeb-5683-93fc-007ea0cd77aa,xa202609-hardware-validation-v1,XA-202609 Boolean Oracle hardware validation,xa202609-final-v1,,logical,,,,09ecee42-cde2-5166-8c2d-67862d523204,sshr_h,cb99f5ca84b90873c12d35c596d7ff58fca3947302bf491efe8796d89ee54942,0a4754fd-bfe1-582b-9693-ed5462cb787a,resource_nmcts[learned:6ba157fb9b55],c84c20115a0fe93b66a4b98f59915b685e858339601976d443b1fc5d67848504,ancilla_count,True,candidate - reference; negative favours candidate,100 * (reference - candidate) / abs(reference); positive favours candidate,8,8,8,8,8,0,0,4,4,1.0,1.0,1.5,1.5,0.5,0.125,0.875,0.5,0.0,1.0,-50.0,-87.5,-12.5,-50.0,-100.0,0.0,0.0,0.125,wilcox,4,-1.0,-1.0,-1.0,global across all emitted Wilcoxon hypotheses,125,1.0,False,0.05,{}
logical,2577a60b-efeb-5683-93fc-007ea0cd77aa,xa202609-hardware-validation-v1,XA-202609 Boolean Oracle hardware validation,xa202609-final-v1,,logical,,,,09ecee42-cde2-5166-8c2d-67862d523204,sshr_h,cb99f5ca84b90873c12d35c596d7ff58fca3947302bf491efe8796d89ee54942,0a4754fd-bfe1-582b-9693-ed5462cb787a,resource_nmcts[learned:6ba157fb9b55],c84c20115a0fe93b66a4b98f59915b685e858339601976d443b1fc5d67848504,cnot_count,True,candidate - reference; negative favours candidate,100 * (reference - candidate) / abs(reference); positive favours candidate,8,8,8,8,8,0,2,2,4,38.0,27.0,34.5,31.0,-3.5,-12.128124999999999,3.128124999999983,1.5,-11.0,4.0,-1.2428977272727275,-12.038352272727273,10.549538352272712,-6.25,-14.65553977272727,25.0,10.0,0.9375,wilcox,6,0.047619047619047616,-1.0,0.8,global across all emitted Wilcoxon hypotheses,125,1.0,False,0.05,{}
logical,2577a60b-efeb-5683-93fc-007ea0cd77aa,xa202609-hardware-validation-v1,XA-202609 Boolean Oracle hardware validation,xa202609-final-v1,,logical,,,,09ecee42-cde2-5166-8c2d-67862d523204,sshr_h,cb99f5ca84b90873c12d35c596d7ff58fca3947302bf491efe8796d89ee54942,0a4754fd-bfe1-582b-9693-ed5462cb787a,resource_nmcts[learned:6ba157fb9b55],c84c20115a0fe93b66a4b98f59915b685e858339601976d443b1fc5d67848504,depth,True,candidate - reference; negative favours candidate,100 * (reference - candidate) / abs(reference); positive favours candidate,8,8,8,8,8,0,4,2,2,48.0,34.0,38.875,35.5,-9.125,-21.384375,2.0,-1.5,-22.0,5.0,4.054525518341308,-11.872258771929825,18.19427830940989,3.409090909090909,-20.833333333333332,34.21052631578947,6.5,0.5,wilcox,6,0.38095238095238093,-0.5714285714285714,1.0,global across all emitted Wilcoxon hypotheses,125,1.0,False,0.05,{}
logical,2577a60b-efeb-5683-93fc-007ea0cd77aa,xa202609-hardware-validation-v1,XA-202609 Boolean Oracle hardware validation,xa202609-final-v1,,logical,,,,09ecee42-cde2-5166-8c2d-67862d523204,sshr_h,cb99f5ca84b90873c12d35c596d7ff58fca3947302bf491efe8796d89ee54942,0a4754fd-bfe1-582b-9693-ed5462cb787a,resource_nmcts[learned:6ba157fb9b55],c84c20115a0fe93b66a4b98f59915b685e858339601976d443b1fc5d67848504,gate_count,True,candidate - reference; negative favours candidate,100 * (reference - candidate) / abs(reference); positive favours candidate,8,8,8,8,8,0,4,2,2,20.75,13.0,13.875,14.0,-6.875,-17.009375,1.125,-1.0,-16.5,3.0,-2.053571428571429,-36.26450892857142,28.398437499999968,5.0,-50.0,51.785714285714285,6.0,0.40625,wilcox,6,0.42857142857142855,-0.5238095238095238,1.0,global across all emitted Wilcoxon hypotheses,125,1.0,False,0.05,{}
logical,2577a60b-efeb-5683-93fc-007ea0cd77aa,xa202609-hardware-validation-v1,XA-202609 Boolean Oracle hardware validation,xa202609-final-v1,,logical,,,,09ecee42-cde2-5166-8c2d-67862d523204,sshr_h,cb99f5ca84b90873c12d35c596d7ff58fca3947302bf491efe8796d89ee54942,0a4754fd-bfe1-582b-9693-ed5462cb787a,resource_nmcts[learned:6ba157fb9b55],c84c20115a0fe93b66a4b98f59915b685e858339601976d443b1fc5d67848504,n_qubits,True,candidate - reference; negative favours candidate,100 * (reference - candidate) / abs(reference); positive favours candidate,8,8,8,8,8,0,0,2,6,5.75,5.5,6.5,6.5,0.75,0.375,1.0,1.0,0.0,1.0,-12.738095238095239,-17.738095238095237,-7.083333333333334,-15.476190476190478,-20.0,0.0,0.0,0.03125,wilcox,6,-1.0,-1.0,-1.0,global across all emitted Wilcoxon hypotheses,125,1.0,False,0.05,{}
logical,2577a60b-efeb-5683-93fc-007ea0cd77aa,xa202609-hardware-validation-v1,XA-202609 Boolean Oracle hardware validation,xa202609-final-v1,,logical,,,,09ecee42-cde2-5166-8c2d-67862d523204,sshr_h,cb99f5ca84b90873c12d35c596d7ff58fca3947302bf491efe8796d89ee54942,0a4754fd-bfe1-582b-9693-ed5462cb787a,resource_nmcts[learned:6ba157fb9b55],c84c20115a0fe93b66a4b98f59915b685e858339601976d443b1fc5d67848504,runtime_s,True,candidate - reference; negative favours candidate,100 * (reference - candidate) / abs(reference); positive favours candidate,8,8,8,8,8,0,1,0,7,0.04296636250012398,0.00224945000036314,0.2716116124997825,0.2776936499999465,0.22864524999965852,0.03996451843753448,0.3864656249994596,0.27735879999954705,0.013499699998646975,0.5079905999991752,-51426.85711945038,-106155.87980890246,-9552.622752446276,-14737.069520406221,-83038.97046559223,-228.00851246917168,4.0,0.0546875,wilcox,8,-0.7777777777777778,-1.0,-0.16666666666666666,global across all emitted Wilcoxon hypotheses,125,1.0,False,0.05,{}
logical,2577a60b-efeb-5683-93fc-007ea0cd77aa,xa202609-hardware-validation-v1,XA-202609 Boolean Oracle hardware validation,xa202609-final-v1,,logical,,,,09ecee42-cde2-5166-8c2d-67862d523204,sshr_h,cb99f5ca84b90873c12d35c596d7ff58fca3947302bf491efe8796d89ee54942,0a4754fd-bfe1-582b-9693-ed5462cb787a,resource_nmcts[learned:6ba157fb9b55],c84c20115a0fe93b66a4b98f59915b685e858339601976d443b1fc5d67848504,t_count,True,candidate - reference; negative favours candidate,100 * (reference - candidate) / abs(reference); positive favours candidate,8,8,8,8,8,0,6,2,0,40.0,30.0,27.0,24.0,-13.0,-22.5,-4.0,-8.0,-24.0,-2.0,24.583333333333336,13.333333333333334,36.04166666666667,26.666666666666668,10.0,39.16666666666667,0.0,0.03125,wilcox,6,1.0,1.0,1.0,global across all emitted Wilcoxon hypotheses,125,1.0,False,0.05,{}
logical,2577a60b-efeb-5683-93fc-007ea0cd77aa,xa202609-hardware-validation-v1,XA-202609 Boolean Oracle hardware validation,xa202609-final-v1,,logical,,,,09ecee42-cde2-5166-8c2d-67862d523204,sshr_h,cb99f5ca84b90873c12d35c596d7ff58fca3947302bf491efe8796d89ee54942,0a4754fd-bfe1-582b-9693-ed5462cb787a,resource_nmcts[learned:6ba157fb9b55],c84c20115a0fe93b66a4b98f59915b685e858339601976d443b1fc5d67848504,weighted_score,True,candidate - reference; negative favours candidate,100 * (reference - candidate) / abs(reference); positive favours candidate,8,8,8,0,0,8,0,0,0,,,,,,,,,,,,,,,,,,,wilcox,0,,,,global across all emitted Wilcoxon hypotheses,125,,False,0.05,"{""reference_metric_missing_or_nonfinite"":8}"
mapping,2577a60b-efeb-5683-93fc-007ea0cd77aa,xa202609-hardware-validation-v1,XA-202609 Boolean Oracle hardware validation,xa202609-final-v1,f633c5af-970f-58a0-8281-b231ec72603c,cx_full_12,7711d5ce-7a4e-5a50-8d20-3483691f63d8,cx_full_12:seed-3,3b6804aaf5951efcb3b0dcef80ae368ab611bd4928c7374b4c00bff4d06d7aee,47a9e486-8933-5182-aa78-3d50553dd40e,direct_anf,fcdd271312fc2b85e938d2db6e98c748aed2f60edd36efdf0a7468f40b033b4f,0a4754fd-bfe1-582b-9693-ed5462cb787a,resource_nmcts[learned:6ba157fb9b55],c84c20115a0fe93b66a4b98f59915b685e858339601976d443b1fc5d67848504,estimated_error,True,candidate - reference; negative favours candidate,100 * (reference - candidate) / abs(reference); positive favours candidate,8,8,8,0,0,8,0,0,0,,,,,,,,,,,,,,,,,,,wilcox,0,,,,global across all emitted Wilcoxon hypotheses,125,,False,0.05,"{""reference_metric_missing_or_nonfinite"":8}"
mapping,2577a60b-efeb-5683-93fc-007ea0cd77aa,xa202609-hardware-validation-v1,XA-202609 Boolean Oracle hardware validation,xa202609-final-v1,f633c5af-970f-58a0-8281-b231ec72603c,cx_full_12,7711d5ce-7a4e-5a50-8d20-3483691f63d8,cx_full_12:seed-3,3b6804aaf5951efcb3b0dcef80ae368ab611bd4928c7374b4c00bff4d06d7aee,47a9e486-8933-5182-aa78-3d50553dd40e,direct_anf,fcdd271312fc2b85e938d2db6e98c748aed2f60edd36efdf0a7468f40b033b4f,0a4754fd-bfe1-582b-9693-ed5462cb787a,resource_nmcts[learned:6ba157fb9b55],c84c20115a0fe93b66a4b98f59915b685e858339601976d443b1fc5d67848504,mapped_depth,True,candidate - reference; negative favours candidate,100 * (reference - candidate) / abs(reference); positive favours candidate,8,8,8,8,8,0,4,2,2,219.5,107.5,73.875,70.5,-145.625,-322.25,-14.5,-37.0,-296.0,6.0,29.00467040230181,0.06781139162709482,58.546831920452945,27.611940298507463,-14.285714285714286,83.41384863123993,3.0,0.125,wilcox,6,0.7142857142857143,-0.2,1.0,global across all emitted Wilcoxon hypotheses,125,1.0,False,0.05,{}
mapping,2577a60b-efeb-5683-93fc-007ea0cd77aa,xa202609-hardware-validation-v1,XA-202609 Boolean Oracle hardware validation,xa202609-final-v1,f633c5af-970f-58a0-8281-b231ec72603c,cx_full_12,7711d5ce-7a4e-5a50-8d20-3483691f63d8,cx_full_12:seed-3,3b6804aaf5951efcb3b0dcef80ae368ab611bd4928c7374b4c00bff4d06d7aee,47a9e486-8933-5182-aa78-3d50553dd40e,direct_anf,fcdd271312fc2b85e938d2db6e98c748aed2f60edd36efdf0a7468f40b033b4f,0a4754fd-bfe1-582b-9693-ed5462cb787a,resource_nmcts[learned:6ba157fb9b55],c84c20115a0fe93b66a4b98f59915b685e858339601976d443b1fc5d67848504,mapping_runtime_s,True,candidate - reference; negative favours candidate,100 * (reference - candidate) / abs(reference); positive favours candidate,8,8,8,8,8,0,6,0,2,0.3727771125003301,0.1805040000003828,0.1867453000000978,0.18871760000001814,-0.18603181250023226,-0.44089853781259475,0.02303708874975141,-0.04441090000045733,-0.7681845000006433,0.061508300000241434,18.649267402478195,-14.423150015072082,47.998153954247975,29.713494627731833,-32.76657471961199,73.53137686024537,11.0,0.3828125,wilcox,8,0.3888888888888889,-0.4444444444444444,1.0,global across all emitted Wilcoxon hypotheses,125,1.0,False,0.05,{}
mapping,2577a60b-efeb-5683-93fc-007ea0cd77aa,xa202609-hardware-validation-v1,XA-202609 Boolean Oracle hardware validation,xa202609-final-v1,f633c5af-970f-58a0-8281-b231ec72603c,cx_full_12,7711d5ce-7a4e-5a50-8d20-3483691f63d8,cx_full_12:seed-3,3b6804aaf5951efcb3b0dcef80ae368ab611bd4928c7374b4c00bff4d06d7aee,47a9e486-8933-5182-aa78-3d50553dd40e,direct_anf,fcdd271312fc2b85e938d2db6e98c748aed2f60edd36efdf0a7468f40b033b4f,0a4754fd-bfe1-582b-9693-ed5462cb787a,resource_nmcts[learned:6ba157fb9b55],c84c20115a0fe93b66a4b98f59915b685e858339601976d443b1fc5d67848504,native_entangling_count,True,candidate - reference; negative favours candidate,100 * (reference - candidate) / abs(reference); positive favours candidate,8,8,8,8,8,0,4,2,2,111.5,53.0,41.0,36.0,-70.5,-139.378125,-5.621875000000017,-16.5,-254.0,5.0,24.933035714285715,-3.8306361607142856,53.52008928571426,23.571428571428573,-25.0,63.973214285714285,3.0,0.15625,wilcox,6,0.7142857142857143,-0.2,1.0,global across all emitted Wilcoxon hypotheses,125,1.0,False,0.05,{}
mapping,2577a60b-efeb-5683-93fc-007ea0cd77aa,xa202609-hardware-validation-v1,XA-202609 Boolean Oracle hardware validation,xa202609-final-v1,f633c5af-970f-58a0-8281-b231ec72603c,cx_full_12,7711d5ce-7a4e-5a50-8d20-3483691f63d8,cx_full_12:seed-3,3b6804aaf5951efcb3b0dcef80ae368ab611bd4928c7374b4c00bff4d06d7aee,47a9e486-8933-5182-aa78-3d50553dd40e,direct_anf,fcdd271312fc2b85e938d2db6e98c748aed2f60edd36efdf0a7468f40b033b4f,0a4754fd-bfe1-582b-9693-ed5462cb787a,resource_nmcts[learned:6ba157fb9b55],c84c20115a0fe93b66a4b98f59915b685e858339601976d443b1fc5d67848504,one_qubit_gate_count,True,candidate - reference; negative favours candidate,100 * (reference - candidate) / abs(reference); positive favours candidate,8,8,8,8,8,0,4,2,2,153.75,78.5,62.125,56.5,-91.625,-206.55625,-0.625,-24.0,-339.0,18.0,12.516582345106126,-32.37919560185185,52.0875628383604,25.0,-46.2962962962963,65.3688128383604,3.0,0.15625,wilcox,6,0.7142857142857143,-0.2,1.0,global across all emitted Wilcoxon hypotheses,125,1.0,False,0.05,{}
mapping,2577a60b-efeb-5683-93fc-007ea0cd77aa,xa202609-hardware-validation-v1,XA-202609 Boolean Oracle hardware validation,xa202609-final-v1,f633c5af-970f-58a0-8281-b231ec72603c,cx_full_12,7711d5ce-7a4e-5a50-8d20-3483691f63d8,cx_full_12:seed-3,3b6804aaf5951efcb3b0dcef80ae368ab611bd4928c7374b4c00bff4d06d7aee,47a9e486-8933-5182-aa78-3d50553dd40e,direct_anf,fcdd271312fc2b85e938d2db6e98c748aed2f60edd36efdf0a7468f40b033b4f,0a4754fd-bfe1-582b-9693-ed5462cb787a,resource_nmcts[learned:6ba157fb9b55],c84c20115a0fe93b66a4b98f59915b685e858339601976d443b1fc5d67848504,routing_overhead,True,candidate - reference; negative favours candidate,100 * (reference - candidate) / abs(reference); positive favours candidate,8,8,8,8,8,0,0,8,0,0.0,0.0,0.0,0.0,0.0,0.0,0.0,0.0,0.0,0.0,0.0,0.0,0.0,0.0,0.0,0.0,0.0,1.0,wilcox,0,0.0,0.0,0.0,global across all emitted Wilcoxon hypotheses,125,1.0,False,0.05,{}
mapping,2577a60b-efeb-5683-93fc-007ea0cd77aa,xa202609-hardware-validation-v1,XA-202609 Boolean Oracle hardware validation,xa202609-final-v1,f633c5af-970f-58a0-8281-b231ec72603c,cx_full_12,7711d5ce-7a4e-5a50-8d20-3483691f63d8,cx_full_12:seed-3,3b6804aaf5951efcb3b0dcef80ae368ab611bd4928c7374b4c00bff4d06d7aee,47a9e486-8933-5182-aa78-3d50553dd40e,direct_anf,fcdd271312fc2b85e938d2db6e98c748aed2f60edd36efdf0a7468f40b033b4f,0a4754fd-bfe1-582b-9693-ed5462cb787a,resource_nmcts[learned:6ba157fb9b55],c84c20115a0fe93b66a4b98f59915b685e858339601976d443b1fc5d67848504,swap_count,True,candidate - reference; negative favours candidate,100 * (reference - candidate) / abs(reference); positive favours candidate,8,8,8,8,8,0,0,8,0,0.0,0.0,0.0,0.0,0.0,0.0,0.0,0.0,0.0,0.0,0.0,0.0,0.0,0.0,0.0,0.0,0.0,1.0,wilcox,0,0.0,0.0,0.0,global across all emitted Wilcoxon hypotheses,125,1.0,False,0.05,{}
mapping,2577a60b-efeb-5683-93fc-007ea0cd77aa,xa202609-hardware-validation-v1,XA-202609 Boolean Oracle hardware validation,xa202609-final-v1,f633c5af-970f-58a0-8281-b231ec72603c,cx_full_12,7711d5ce-7a4e-5a50-8d20-3483691f63d8,cx_full_12:seed-3,3b6804aaf5951efcb3b0dcef80ae368ab611bd4928c7374b4c00bff4d06d7aee,47a9e486-8933-5182-aa78-3d50553dd40e,direct_anf,fcdd271312fc2b85e938d2db6e98c748aed2f60edd36efdf0a7468f40b033b4f,0a4754fd-bfe1-582b-9693-ed5462cb787a,resource_nmcts[learned:6ba157fb9b55],c84c20115a0fe93b66a4b98f59915b685e858339601976d443b1fc5d67848504,total_gate_count,True,candidate - reference; negative favours candidate,100 * (reference - candidate) / abs(reference); positive favours candidate,8,8,8,8,8,0,4,2,2,265.25,131.5,103.125,91.0,-162.125,-327.25,-10.0,-40.5,-593.0,23.0,17.80334287258107,-19.378274600797155,55.45026310301125,24.397590361445783,-24.46808510638298,78.96138482023969,3.0,0.15625,wilcox,6,0.7142857142857143,-0.2,1.0,global across all emitted Wilcoxon hypotheses,125,1.0,False,0.05,{}
mapping,2577a60b-efeb-5683-93fc-007ea0cd77aa,xa202609-hardware-validation-v1,XA-202609 Boolean Oracle hardware validation,xa202609-final-v1,f633c5af-970f-58a0-8281-b231ec72603c,cx_full_12,7711d5ce-7a4e-5a50-8d20-3483691f63d8,cx_full_12:seed-3,3b6804aaf5951efcb3b0dcef80ae368ab611bd4928c7374b4c00bff4d06d7aee,47a9e486-8933-5182-aa78-3d50553dd40e,direct_anf,fcdd271312fc2b85e938d2db6e98c748aed2f60edd36efdf0a7468f40b033b4f,0a4754fd-bfe1-582b-9693-ed5462cb787a,resource_nmcts[learned:6ba157fb9b55],c84c20115a0fe93b66a4b98f59915b685e858339601976d443b1fc5d67848504,two_qubit_depth,True,candidate - reference; negative favours candidate,100 * (reference - candidate) / abs(reference); positive favours candidate,8,8,8,8,8,0,4,2,2,106.25,50.5,37.125,34.5,-69.125,-139.63125,-6.25,-16.0,-247.0,2.0,28.873106060606062,2.3106060606060606,56.50094696969695,24.242424242424242,-10.0,81.25,3.0,0.15625,wilcox,6,0.7142857142857143,-0.16749999999999995,1.0,global across all emitted Wilcoxon hypotheses,125,1.0,False,0.05,{}
mapping,2577a60b-efeb-5683-93fc-007ea0cd77aa,xa202609-hardware-validation-v1,XA-202609 Boolean Oracle hardware validation,xa202609-final-v1,f633c5af-970f-58a0-8281-b231ec72603c,cx_full_12,7711d5ce-7a4e-5a50-8d20-3483691f63d8,cx_full_12:seed-3,3b6804aaf5951efcb3b0dcef80ae368ab611bd4928c7374b4c00bff4d06d7aee,47a9e486-8933-5182-aa78-3d50553dd40e,direct_anf,fcdd271312fc2b85e938d2db6e98c748aed2f60edd36efdf0a7468f40b033b4f,0a4754fd-bfe1-582b-9693-ed5462cb787a,resource_nmcts[learned:6ba157fb9b55],c84c20115a0fe93b66a4b98f59915b685e858339601976d443b1fc5d67848504,two_qubit_gate_count,True,candidate - reference; negative favours candidate,100 * (reference - candidate) / abs(reference); positive favours candidate,8,8,8,8,8,0,4,2,2,111.5,53.0,41.0,36.0,-70.5,-157.375,-5.75,-16.5,-254.0,3.0,24.933035714285715,-2.865792410714286,51.94196428571422,23.571428571428573,-15.0,63.973214285714285,3.0,0.15625,wilcox,6,0.7142857142857143,-0.16749999999999995,1.0,global across all emitted Wilcoxon hypotheses,125,1.0,False,0.05,{}
mapping,2577a60b-efeb-5683-93fc-007ea0cd77aa,xa202609-hardware-validation-v1,XA-202609 Boolean Oracle hardware validation,xa202609-final-v1,f633c5af-970f-58a0-8281-b231ec72603c,cx_full_12,7711d5ce-7a4e-5a50-8d20-3483691f63d8,cx_full_12:seed-3,3b6804aaf5951efcb3b0dcef80ae368ab611bd4928c7374b4c00bff4d06d7aee,5e2efe12-13bd-5dca-939a-01d0d34ea2c6,greedy_factor,2c93edc65b3032117b7bea3bd6a3dc43e2cb5298f91e46702328a297fa814f43,0a4754fd-bfe1-582b-9693-ed5462cb787a,resource_nmcts[learned:6ba157fb9b55],c84c20115a0fe93b66a4b98f59915b685e858339601976d443b1fc5d67848504,estimated_error,True,candidate - reference; negative favours candidate,100 * (reference - candidate) / abs(reference); positive favours candidate,8,8,8,0,0,8,0,0,0,,,,,,,,,,,,,,,,,,,wilcox,0,,,,global across all emitted Wilcoxon hypotheses,125,,False,0.05,"{""reference_metric_missing_or_nonfinite"":8}"
mapping,2577a60b-efeb-5683-93fc-007ea0cd77aa,xa202609-hardware-validation-v1,XA-202609 Boolean Oracle hardware validation,xa202609-final-v1,f633c5af-970f-58a0-8281-b231ec72603c,cx_full_12,7711d5ce-7a4e-5a50-8d20-3483691f63d8,cx_full_12:seed-3,3b6804aaf5951efcb3b0dcef80ae368ab611bd4928c7374b4c00bff4d06d7aee,5e2efe12-13bd-5dca-939a-01d0d34ea2c6,greedy_factor,2c93edc65b3032117b7bea3bd6a3dc43e2cb5298f91e46702328a297fa814f43,0a4754fd-bfe1-582b-9693-ed5462cb787a,resource_nmcts[learned:6ba157fb9b55],c84c20115a0fe93b66a4b98f59915b685e858339601976d443b1fc5d67848504,mapped_depth,True,candidate - reference; negative favours candidate,100 * (reference - candidate) / abs(reference); positive favours candidate,8,8,8,8,8,0,4,2,2,128.25,85.0,73.875,70.5,-54.375,-109.96562499999999,-2.5,-14.5,-198.0,6.0,18.936488235220924,-3.4610754414125195,41.32438337563921,16.292134831460675,-14.285714285714286,49.18250027996565,3.0,0.125,wilcox,6,0.7142857142857143,-0.07142857142857142,1.0,global across all emitted Wilcoxon hypotheses,125,1.0,False,0.05,{}
mapping,2577a60b-efeb-5683-93fc-007ea0cd77aa,xa202609-hardware-validation-v1,XA-202609 Boolean Oracle hardware validation,xa202609-final-v1,f633c5af-970f-58a0-8281-b231ec72603c,cx_full_12,7711d5ce-7a4e-5a50-8d20-3483691f63d8,cx_full_12:seed-3,3b6804aaf5951efcb3b0dcef80ae368ab611bd4928c7374b4c00bff4d06d7aee,5e2efe12-13bd-5dca-939a-01d0d34ea2c6,greedy_factor,2c93edc65b3032117b7bea3bd6a3dc43e2cb5298f91e46702328a297fa814f43,0a4754fd-bfe1-582b-9693-ed5462cb787a,resource_nmcts[learned:6ba157fb9b55],c84c20115a0fe93b66a4b98f59915b685e858339601976d443b1fc5d67848504,mapping_runtime_s,True,candidate - reference; negative favours candidate,100 * (reference - candidate) / abs(reference); positive favours candidate,8,8,8,8,8,0,5,0,3,0.2591234625000425,0.1361068000001069,0.1867453000000978,0.18871760000001814,-0.07237816249994466,-0.2169454274997662,0.04469986250001057,-0.009131399999660061,-0.33213289999912377,0.0410541999990528,0.0695248472936717,-33.69829347091284,30.886145927794157,9.502823212901943,-44.16303375985895,56.66300096825832,15.0,0.7421875,wilcox,8,0.16666666666666666,-0.6666666666666666,0.8888888888888888,global across all emitted Wilcoxon hypotheses,125,1.0,False,0.05,{}
mapping,2577a60b-efeb-5683-93fc-007ea0cd77aa,xa202609-hardware-validation-v1,XA-202609 Boolean Oracle hardware validation,xa202609-final-v1,f633c5af-970f-58a0-8281-b231ec72603c,cx_full_12,7711d5ce-7a4e-5a50-8d20-3483691f63d8,cx_full_12:seed-3,3b6804aaf5951efcb3b0dcef80ae368ab611bd4928c7374b4c00bff4d06d7aee,5e2efe12-13bd-5dca-939a-01d0d34ea2c6,greedy_factor,2c93edc65b3032117b7bea3bd6a3dc43e2cb5298f91e46702328a297fa814f43,0a4754fd-bfe1-582b-9693-ed5462cb787a,resource_nmcts[learned:6ba157fb9b55],c84c20115a0fe93b66a4b98f59915b685e858339601976d443b1fc5d67848504,native_entangling_count,True,candidate - reference; negative favours candidate,100 * (reference - candidate) / abs(reference); positive favours candidate,8,8,8,8,8,0,4,2,2,70.25,41.5,41.0,36.0,-29.25,-60.003125,0.0,-5.0,-61.5,3.0,14.440443461630409,-8.173869680851062,36.77982309347358,10.638297872340425,-12.5,62.921348314606746,3.0,0.15625,wilcox,6,0.7142857142857143,-0.20333333333333314,1.0,global across all emitted Wilcoxon hypotheses,125,1.0,False,0.05,{}
mapping,2577a60b-efeb-5683-93fc-007ea0cd77aa,xa202609-hardware-validation-v1,XA-202609 Boolean Oracle hardware validation,xa202609-final-v1,f633c5af-970f-58a0-8281-b231ec72603c,cx_full_12,7711d5ce-7a4e-5a50-8d20-3483691f63d8,cx_full_12:seed-3,3b6804aaf5951efcb3b0dcef80ae368ab611bd4928c7374b4c00bff4d06d7aee,5e2efe12-13bd-5dca-939a-01d0d34ea2c6,greedy_factor,2c93edc65b3032117b7bea3bd6a3dc43e2cb5298f91e46702328a297fa814f43,0a4754fd-bfe1-582b-9693-ed5462cb787a,resource_nmcts[learned:6ba157fb9b55],c84c20115a0fe93b66a4b98f59915b685e858339601976d443b1fc5d67848504,one_qubit_gate_count,True,candidate - reference; negative favours candidate,100 * (reference - candidate) / abs(reference); positive favours candidate,8,8,8,8,8,0,4,2,2,96.75,65.5,62.125,56.5,-34.625,-83.375,4.625,-11.0,-137.0,12.63749999999925,3.2632101846075625,-35.53030775629029,37.63244697442293,15.714285714285714,-66.66666666666667,47.055520898315656,5.0,0.28125,wilcox,6,0.5238095238095238,-0.42857142857142855,1.0,global across all emitted Wilcoxon hypotheses,125,1.0,False,0.05,{}
mapping,2577a60b-efeb-5683-93fc-007ea0cd77aa,xa202609-hardware-validation-v1,XA-202609 Boolean Oracle hardware validation,xa202609-final-v1,f633c5af-970f-58a0-8281-b231ec72603c,cx_full_12,7711d5ce-7a4e-5a50-8d20-3483691f63d8,cx_full_12:seed-3,3b6804aaf5951efcb3b0dcef80ae368ab611bd4928c7374b4c00bff4d06d7aee,5e2efe12-13bd-5dca-939a-01d0d34ea2c6,greedy_factor,2c93edc65b3032117b7bea3bd6a3dc43e2cb5298f91e46702328a297fa814f43,0a4754fd-bfe1-582b-9693-ed5462cb787a,resource_nmcts[learned:6ba157fb9b55],c84c20115a0fe93b66a4b98f59915b685e858339601976d443b1fc5d67848504,routing_overhead,True,candidate - reference; negative favours candidate,100 * (reference - candidate) / abs(reference); positive favours candidate,8,8,8,8,8,0,0,8,0,0.0,0.0,0.0,0.0,0.0,0.0,0.0,0.0,0.0,0.0,0.0,0.0,0.0,0.0,0.0,0.0,0.0,1.0,wilcox,0,0.0,0.0,0.0,global across all emitted Wilcoxon hypotheses,125,1.0,False,0.05,{}
mapping,2577a60b-efeb-5683-93fc-007ea0cd77aa,xa202609-hardware-validation-v1,XA-202609 Boolean Oracle hardware validation,xa202609-final-v1,f633c5af-970f-58a0-8281-b231ec72603c,cx_full_12,7711d5ce-7a4e-5a50-8d20-3483691f63d8,cx_full_12:seed-3,3b6804aaf5951efcb3b0dcef80ae368ab611bd4928c7374b4c00bff4d06d7aee,5e2efe12-13bd-5dca-939a-01d0d34ea2c6,greedy_factor,2c93edc65b3032117b7bea3bd6a3dc43e2cb5298f91e46702328a297fa814f43,0a4754fd-bfe1-582b-9693-ed5462cb787a,resource_nmcts[learned:6ba157fb9b55],c84c20115a0fe93b66a4b98f59915b685e858339601976d443b1fc5d67848504,swap_count,True,candidate - reference; negative favours candidate,100 * (reference - candidate) / abs(reference); positive favours candidate,8,8,8,8,8,0,0,8,0,0.0,0.0,0.0,0.0,0.0,0.0,0.0,0.0,0.0,0.0,0.0,0.0,0.0,0.0,0.0,0.0,0.0,1.0,wilcox,0,0.0,0.0,0.0,global across all emitted Wilcoxon hypotheses,125,1.0,False,0.05,{}
mapping,2577a60b-efeb-5683-93fc-007ea0cd77aa,xa202609-hardware-validation-v1,XA-202609 Boolean Oracle hardware validation,xa202609-final-v1,f633c5af-970f-58a0-8281-b231ec72603c,cx_full_12,7711d5ce-7a4e-5a50-8d20-3483691f63d8,cx_full_12:seed-3,3b6804aaf5951efcb3b0dcef80ae368ab611bd4928c7374b4c00bff4d06d7aee,5e2efe12-13bd-5dca-939a-01d0d34ea2c6,greedy_factor,2c93edc65b3032117b7bea3bd6a3dc43e2cb5298f91e46702328a297fa814f43,0a4754fd-bfe1-582b-9693-ed5462cb787a,resource_nmcts[learned:6ba157fb9b55],c84c20115a0fe93b66a4b98f59915b685e858339601976d443b1fc5d67848504,total_gate_count,True,candidate - reference; negative favours candidate,100 * (reference - candidate) / abs(reference); positive favours candidate,8,8,8,8,8,0,4,2,2,167.0,107.0,103.125,91.0,-63.875,-137.715625,2.375,-16.0,-249.0,15.5,8.091257825300378,-23.694975616518168,37.74780024780025,13.675213675213675,-32.97872340425532,61.17936117936118,3.0,0.15625,wilcox,6,0.7142857142857143,-0.2,1.0,global across all emitted Wilcoxon hypotheses,125,1.0,False,0.05,{}
mapping,2577a60b-efeb-5683-93fc-007ea0cd77aa,xa202609-hardware-validation-v1,XA-202609 Boolean Oracle hardware validation,xa202609-final-v1,f633c5af-970f-58a0-8281-b231ec72603c,cx_full_12,7711d5ce-7a4e-5a50-8d20-3483691f63d8,cx_full_12:seed-3,3b6804aaf5951efcb3b0dcef80ae368ab611bd4928c7374b4c00bff4d06d7aee,5e2efe12-13bd-5dca-939a-01d0d34ea2c6,greedy_factor,2c93edc65b3032117b7bea3bd6a3dc43e2cb5298f91e46702328a297fa814f43,0a4754fd-bfe1-582b-9693-ed5462cb787a,resource_nmcts[learned:6ba157fb9b55],c84c20115a0fe93b66a4b98f59915b685e858339601976d443b1fc5d67848504,two_qubit_depth,True,candidate - reference; negative favours candidate,100 * (reference - candidate) / abs(reference); positive favours candidate,8,8,8,8,8,0,4,2,2,63.75,39.5,37.125,34.5,-26.625,-61.375,-1.121875000000017,-5.0,-99.0,2.0,18.081293706293707,-0.9090909090909092,39.29468968531465,11.363636363636363,-10.0,63.46153846153846,3.0,0.15625,wilcox,6,0.7142857142857143,-0.2,1.0,global across all emitted Wilcoxon hypotheses,125,1.0,False,0.05,{}
mapping,2577a60b-efeb-5683-93fc-007ea0cd77aa,xa202609-hardware-validation-v1,XA-202609 Boolean Oracle hardware validation,xa202609-final-v1,f633c5af-970f-58a0-8281-b231ec72603c,cx_full_12,7711d5ce-7a4e-5a50-8d20-3483691f63d8,cx_full_12:seed-3,3b6804aaf5951efcb3b0dcef80ae368ab611bd4928c7374b4c00bff4d06d7aee,5e2efe12-13bd-5dca-939a-01d0d34ea2c6,greedy_factor,2c93edc65b3032117b7bea3bd6a3dc43e2cb5298f91e46702328a297fa814f43,0a4754fd-bfe1-582b-9693-ed5462cb787a,resource_nmcts[learned:6ba157fb9b55],c84c20115a0fe93b66a4b98f59915b685e858339601976d443b1fc5d67848504,two_qubit_gate_count,True,candidate - reference; negative favours candidate,100 * (reference - candidate) / abs(reference); positive favours candidate,8,8,8,8,8,0,4,2,2,70.25,41.5,41.0,36.0,-29.25,-60.15625,0.125,-5.0,-61.5,5.0,14.440443461630409,-8.164893617021276,38.2420661008845,10.638297872340425,-15.0,62.921348314606746,3.0,0.15625,wilcox,6,0.7142857142857143,-0.16666666666666666,1.0,global across all emitted Wilcoxon hypotheses,125,1.0,False,0.05,{}
mapping,2577a60b-efeb-5683-93fc-007ea0cd77aa,xa202609-hardware-validation-v1,XA-202609 Boolean Oracle hardware validation,xa202609-final-v1,f633c5af-970f-58a0-8281-b231ec72603c,cx_full_12,7711d5ce-7a4e-5a50-8d20-3483691f63d8,cx_full_12:seed-3,3b6804aaf5951efcb3b0dcef80ae368ab611bd4928c7374b4c00bff4d06d7aee,5477e6fa-bceb-56c0-ad4f-b53a53774027,mcts_factor,cddf5da22fbdbf023c5b240a48c49eb3e8f3299a0810243c5534a71158709686,0a4754fd-bfe1-582b-9693-ed5462cb787a,resource_nmcts[learned:6ba157fb9b55],c84c20115a0fe93b66a4b98f59915b685e858339601976d443b1fc5d67848504,estimated_error,True,candidate - reference; negative favours candidate,100 * (reference - candidate) / abs(reference); positive favours candidate,8,8,8,0,0,8,0,0,0,,,,,,,,,,,,,,,,,,,wilcox,0,,,,global across all emitted Wilcoxon hypotheses,125,,False,0.05,"{""reference_metric_missing_or_nonfinite"":8}"
mapping,2577a60b-efeb-5683-93fc-007ea0cd77aa,xa202609-hardware-validation-v1,XA-202609 Boolean Oracle hardware validation,xa202609-final-v1,f633c5af-970f-58a0-8281-b231ec72603c,cx_full_12,7711d5ce-7a4e-5a50-8d20-3483691f63d8,cx_full_12:seed-3,3b6804aaf5951efcb3b0dcef80ae368ab611bd4928c7374b4c00bff4d06d7aee,5477e6fa-bceb-56c0-ad4f-b53a53774027,mcts_factor,cddf5da22fbdbf023c5b240a48c49eb3e8f3299a0810243c5534a71158709686,0a4754fd-bfe1-582b-9693-ed5462cb787a,resource_nmcts[learned:6ba157fb9b55],c84c20115a0fe93b66a4b98f59915b685e858339601976d443b1fc5d67848504,mapped_depth,True,candidate - reference; negative favours candidate,100 * (reference - candidate) / abs(reference); positive favours candidate,8,8,8,8,8,0,4,2,2,128.25,85.0,73.875,70.5,-54.375,-113.65625,-2.5,-14.5,-198.0,6.0,18.936488235220924,-3.690151508081674,41.036432864235316,16.292134831460675,-14.285714285714286,65.78073089700996,3.0,0.125,wilcox,6,0.7142857142857143,-0.2,1.0,global across all emitted Wilcoxon hypotheses,125,1.0,False,0.05,{}
mapping,2577a60b-efeb-5683-93fc-007ea0cd77aa,xa202609-hardware-validation-v1,XA-202609 Boolean Oracle hardware validation,xa202609-final-v1,f633c5af-970f-58a0-8281-b231ec72603c,cx_full_12,7711d5ce-7a4e-5a50-8d20-3483691f63d8,cx_full_12:seed-3,3b6804aaf5951efcb3b0dcef80ae368ab611bd4928c7374b4c00bff4d06d7aee,5477e6fa-bceb-56c0-ad4f-b53a53774027,mcts_factor,cddf5da22fbdbf023c5b240a48c49eb3e8f3299a0810243c5534a71158709686,0a4754fd-bfe1-582b-9693-ed5462cb787a,resource_nmcts[learned:6ba157fb9b55],c84c20115a0fe93b66a4b98f59915b685e858339601976d443b1fc5d67848504,mapping_runtime_s,True,candidate - reference; negative favours candidate,100 * (reference - candidate) / abs(reference); positive favours candidate,8,8,8,8,8,0,5,0,3,0.2515763000001243,0.13925960000051418,0.1867453000000978,0.18871760000001814,-0.0648310000000265,-0.20183577687503487,0.05503012500003024,-0.01020010000002003,-0.22389935000046535,0.07270090000019991,-2.3108383385839835,-35.281937049000234,30.471028327362877,10.818058526188343,-47.033027019805,53.00265733921054,15.0,0.7421875,wilcox,8,0.16666666666666666,-0.6666666666666666,0.8888888888888888,global across all emitted Wilcoxon hypotheses,125,1.0,False,0.05,{}
mapping,2577a60b-efeb-5683-93fc-007ea0cd77aa,xa202609-hardware-validation-v1,XA-202609 Boolean Oracle hardware validation,xa202609-final-v1,f633c5af-970f-58a0-8281-b231ec72603c,cx_full_12,7711d5ce-7a4e-5a50-8d20-3483691f63d8,cx_full_12:seed-3,3b6804aaf5951efcb3b0dcef80ae368ab611bd4928c7374b4c00bff4d06d7aee,5477e6fa-bceb-56c0-ad4f-b53a53774027,mcts_factor,cddf5da22fbdbf023c5b240a48c49eb3e8f3299a0810243c5534a71158709686,0a4754fd-bfe1-582b-9693-ed5462cb787a,resource_nmcts[learned:6ba157fb9b55],c84c20115a0fe93b66a4b98f59915b685e858339601976d443b1fc5d67848504,native_entangling_count,True,candidate - reference; negative favours candidate,100 * (reference - candidate) / abs(reference); positive favours candidate,8,8,8,8,8,0,4,2,2,70.25,41.5,41.0,36.0,-29.25,-69.875,0.125,-5.0,-61.5,3.0,14.440443461630409,-7.134831460674158,39.12637461152283,10.638297872340425,-15.0,62.921348314606746,3.0,0.15625,wilcox,6,0.7142857142857143,-0.2,1.0,global across all emitted Wilcoxon hypotheses,125,1.0,False,0.05,{}
mapping,2577a60b-efeb-5683-93fc-007ea0cd77aa,xa202609-hardware-validation-v1,XA-202609 Boolean Oracle hardware validation,xa202609-final-v1,f633c5af-970f-58a0-8281-b231ec72603c,cx_full_12,7711d5ce-7a4e-5a50-8d20-3483691f63d8,cx_full_12:seed-3,3b6804aaf5951efcb3b0dcef80ae368ab611bd4928c7374b4c00bff4d06d7aee,5477e6fa-bceb-56c0-ad4f-b53a53774027,mcts_factor,cddf5da22fbdbf023c5b240a48c49eb3e8f3299a0810243c5534a71158709686,0a4754fd-bfe1-582b-9693-ed5462cb787a,resource_nmcts[learned:6ba157fb9b55],c84c20115a0fe93b66a4b98f59915b685e858339601976d443b1fc5d67848504,one_qubit_gate_count,True,candidate - reference; negative favours candidate,100 * (reference - candidate) / abs(reference); positive favours candidate,8,8,8,8,8,0,4,2,2,96.75,65.5,62.125,56.5,-34.625,-80.27187500000001,4.125,-11.0,-80.5,18.0,3.2632101846075625,-35.52910052910053,37.2747582657517,15.714285714285714,-46.2962962962963,47.055520898315656,5.0,0.28125,wilcox,6,0.5238095238095238,-0.4,1.0,global across all emitted Wilcoxon hypotheses,125,1.0,False,0.05,{}
mapping,2577a60b-efeb-5683-93fc-007ea0cd77aa,xa202609-hardware-validation-v1,XA-202609 Boolean Oracle hardware validation,xa202609-final-v1,f633c5af-970f-58a0-8281-b231ec72603c,cx_full_12,7711d5ce-7a4e-5a50-8d20-3483691f63d8,cx_full_12:seed-3,3b6804aaf5951efcb3b0dcef80ae368ab611bd4928c7374b4c00bff4d06d7aee,5477e6fa-bceb-56c0-ad4f-b53a53774027,mcts_factor,cddf5da22fbdbf023c5b240a48c49eb3e8f3299a0810243c5534a71158709686,0a4754fd-bfe1-582b-9693-ed5462cb787a,resource_nmcts[learned:6ba157fb9b55],c84c20115a0fe93b66a4b98f59915b685e858339601976d443b1fc5d67848504,routing_overhead,True,candidate - reference; negative favours candidate,100 * (reference - candidate) / abs(reference); positive favours candidate,8,8,8,8,8,0,0,8,0,0.0,0.0,0.0,0.0,0.0,0.0,0.0,0.0,0.0,0.0,0.0,0.0,0.0,0.0,0.0,0.0,0.0,1.0,wilcox,0,0.0,0.0,0.0,global across all emitted Wilcoxon hypotheses,125,1.0,False,0.05,{}
mapping,2577a60b-efeb-5683-93fc-007ea0cd77aa,xa202609-hardware-validation-v1,XA-202609 Boolean Oracle hardware validation,xa202609-final-v1,f633c5af-970f-58a0-8281-b231ec72603c,cx_full_12,7711d5ce-7a4e-5a50-8d20-3483691f63d8,cx_full_12:seed-3,3b6804aaf5951efcb3b0dcef80ae368ab611bd4928c7374b4c00bff4d06d7aee,5477e6fa-bceb-56c0-ad4f-b53a53774027,mcts_factor,cddf5da22fbdbf023c5b240a48c49eb3e8f3299a0810243c5534a71158709686,0a4754fd-bfe1-582b-9693-ed5462cb787a,resource_nmcts[learned:6ba157fb9b55],c84c20115a0fe93b66a4b98f59915b685e858339601976d443b1fc5d67848504,swap_count,True,candidate - reference; negative favours candidate,100 * (reference - candidate) / abs(reference); positive favours candidate,8,8,8,8,8,0,0,8,0,0.0,0.0,0.0,0.0,0.0,0.0,0.0,0.0,0.0,0.0,0.0,0.0,0.0,0.0,0.0,0.0,0.0,1.0,wilcox,0,0.0,0.0,0.0,global across all emitted Wilcoxon hypotheses,125,1.0,False,0.05,{}
mapping,2577a60b-efeb-5683-93fc-007ea0cd77aa,xa202609-hardware-validation-v1,XA-202609 Boolean Oracle hardware validation,xa202609-final-v1,f633c5af-970f-58a0-8281-b231ec72603c,cx_full_12,7711d5ce-7a4e-5a50-8d20-3483691f63d8,cx_full_12:seed-3,3b6804aaf5951efcb3b0dcef80ae368ab611bd4928c7374b4c00bff4d06d7aee,5477e6fa-bceb-56c0-ad4f-b53a53774027,mcts_factor,cddf5da22fbdbf023c5b240a48c49eb3e8f3299a0810243c5534a71158709686,0a4754fd-bfe1-582b-9693-ed5462cb787a,resource_nmcts[learned:6ba157fb9b55],c84c20115a0fe93b66a4b98f59915b685e858339601976d443b1fc5d67848504,total_gate_count,True,candidate - reference; negative favours candidate,100 * (reference - candidate) / abs(reference); positive favours candidate,8,8,8,8,8,0,4,2,2,167.0,107.0,103.125,91.0,-63.875,-148.9,2.628124999999983,-16.0,-249.0,23.0,8.091257825300378,-23.37446279600535,37.74780024780025,13.675213675213675,-32.97872340425532,61.17936117936118,3.0,0.15625,wilcox,6,0.7142857142857143,-0.2,1.0,global across all emitted Wilcoxon hypotheses,125,1.0,False,0.05,{}
mapping,2577a60b-efeb-5683-93fc-007ea0cd77aa,xa202609-hardware-validation-v1,XA-202609 Boolean Oracle hardware validation,xa202609-final-v1,f633c5af-970f-58a0-8281-b231ec72603c,cx_full_12,7711d5ce-7a4e-5a50-8d20-3483691f63d8,cx_full_12:seed-3,3b6804aaf5951efcb3b0dcef80ae368ab611bd4928c7374b4c00bff4d06d7aee,5477e6fa-bceb-56c0-ad4f-b53a53774027,mcts_factor,cddf5da22fbdbf023c5b240a48c49eb3e8f3299a0810243c5534a71158709686,0a4754fd-bfe1-582b-9693-ed5462cb787a,resource_nmcts[learned:6ba157fb9b55],c84c20115a0fe93b66a4b98f59915b685e858339601976d443b1fc5d67848504,two_qubit_depth,True,candidate - reference; negative favours candidate,100 * (reference - candidate) / abs(reference); positive favours candidate,8,8,8,8,8,0,4,2,2,63.75,39.5,37.125,34.5,-26.625,-61.375,-0.996875000000017,-5.0,-55.0,1.0249999999998636,18.081293706293707,-0.8196022727272728,40.82167832167832,11.363636363636363,-10.0,63.46153846153846,3.0,0.15625,wilcox,6,0.7142857142857143,-0.16749999999999995,1.0,global across all emitted Wilcoxon hypotheses,125,1.0,False,0.05,{}
mapping,2577a60b-efeb-5683-93fc-007ea0cd77aa,xa202609-hardware-validation-v1,XA-202609 Boolean Oracle hardware validation,xa202609-final-v1,f633c5af-970f-58a0-8281-b231ec72603c,cx_full_12,7711d5ce-7a4e-5a50-8d20-3483691f63d8,cx_full_12:seed-3,3b6804aaf5951efcb3b0dcef80ae368ab611bd4928c7374b4c00bff4d06d7aee,5477e6fa-bceb-56c0-ad4f-b53a53774027,mcts_factor,cddf5da22fbdbf023c5b240a48c49eb3e8f3299a0810243c5534a71158709686,0a4754fd-bfe1-582b-9693-ed5462cb787a,resource_nmcts[learned:6ba157fb9b55],c84c20115a0fe93b66a4b98f59915b685e858339601976d443b1fc5d67848504,two_qubit_gate_count,True,candidate - reference; negative favours candidate,100 * (reference - candidate) / abs(reference); positive favours candidate,8,8,8,8,8,0,4,2,2,70.25,41.5,41.0,36.0,-29.25,-60.125,-0.12187500000001705,-5.0,-112.0,3.0,14.440443461630409,-7.273936170212766,37.045780540282095,10.638297872340425,-25.0,62.921348314606746,3.0,0.15625,wilcox,6,0.7142857142857143,-0.2,1.0,global across all emitted Wilcoxon hypotheses,125,1.0,False,0.05,{}
mapping,2577a60b-efeb-5683-93fc-007ea0cd77aa,xa202609-hardware-validation-v1,XA-202609 Boolean Oracle hardware validation,xa202609-final-v1,f633c5af-970f-58a0-8281-b231ec72603c,cx_full_12,7711d5ce-7a4e-5a50-8d20-3483691f63d8,cx_full_12:seed-3,3b6804aaf5951efcb3b0dcef80ae368ab611bd4928c7374b4c00bff4d06d7aee,1629eb01-5621-5f4b-a49c-d9b69fd802c3,sshr_beam,ff1b07e81d71bb593535bb98a98a60866fed9a5ca57e72826e9505c1bfe26883,0a4754fd-bfe1-582b-9693-ed5462cb787a,resource_nmcts[learned:6ba157fb9b55],c84c20115a0fe93b66a4b98f59915b685e858339601976d443b1fc5d67848504,estimated_error,True,candidate - reference; negative favours candidate,100 * (reference - candidate) / abs(reference); positive favours candidate,8,8,8,0,0,8,0,0,0,,,,,,,,,,,,,,,,,,,wilcox,0,,,,global across all emitted Wilcoxon hypotheses,125,,False,0.05,"{""reference_metric_missing_or_nonfinite"":8}"
mapping,2577a60b-efeb-5683-93fc-007ea0cd77aa,xa202609-hardware-validation-v1,XA-202609 Boolean Oracle hardware validation,xa202609-final-v1,f633c5af-970f-58a0-8281-b231ec72603c,cx_full_12,7711d5ce-7a4e-5a50-8d20-3483691f63d8,cx_full_12:seed-3,3b6804aaf5951efcb3b0dcef80ae368ab611bd4928c7374b4c00bff4d06d7aee,1629eb01-5621-5f4b-a49c-d9b69fd802c3,sshr_beam,ff1b07e81d71bb593535bb98a98a60866fed9a5ca57e72826e9505c1bfe26883,0a4754fd-bfe1-582b-9693-ed5462cb787a,resource_nmcts[learned:6ba157fb9b55],c84c20115a0fe93b66a4b98f59915b685e858339601976d443b1fc5d67848504,mapped_depth,True,candidate - reference; negative favours candidate,100 * (reference - candidate) / abs(reference); positive favours candidate,8,8,8,8,8,0,5,3,0,123.0,102.0,73.875,70.5,-49.125,-82.5,-16.625,-35.0,-130.0,0.0,28.34428499376683,9.584257206208425,46.53250287867685,31.97339246119734,0.0,55.79399141630901,0.0,0.0625,wilcox,5,1.0,1.0,1.0,global across all emitted Wilcoxon hypotheses,125,1.0,False,0.05,{}
mapping,2577a60b-efeb-5683-93fc-007ea0cd77aa,xa202609-hardware-validation-v1,XA-202609 Boolean Oracle hardware validation,xa202609-final-v1,f633c5af-970f-58a0-8281-b231ec72603c,cx_full_12,7711d5ce-7a4e-5a50-8d20-3483691f63d8,cx_full_12:seed-3,3b6804aaf5951efcb3b0dcef80ae368ab611bd4928c7374b4c00bff4d06d7aee,1629eb01-5621-5f4b-a49c-d9b69fd802c3,sshr_beam,ff1b07e81d71bb593535bb98a98a60866fed9a5ca57e72826e9505c1bfe26883,0a4754fd-bfe1-582b-9693-ed5462cb787a,resource_nmcts[learned:6ba157fb9b55],c84c20115a0fe93b66a4b98f59915b685e858339601976d443b1fc5d67848504,mapping_runtime_s,True,candidate - reference; negative favours candidate,100 * (reference - candidate) / abs(reference); positive favours candidate,8,8,8,8,8,0,5,0,3,0.21414408749978975,0.1764644999993834,0.1867453000000978,0.18871760000001814,-0.027398787499691934,-0.08675160000029791,0.0324958490633605,-0.0182051999995565,-0.13522510000075272,0.037585699999908684,5.319150699970632,-18.445216011469036,25.943305568331198,15.697173576061164,-41.4740589201119,35.68796432567626,12.0,0.4609375,wilcox,8,0.3333333333333333,-0.5,0.9444444444444444,global across all emitted Wilcoxon hypotheses,125,1.0,False,0.05,{}
mapping,2577a60b-efeb-5683-93fc-007ea0cd77aa,xa202609-hardware-validation-v1,XA-202609 Boolean Oracle hardware validation,xa202609-final-v1,f633c5af-970f-58a0-8281-b231ec72603c,cx_full_12,7711d5ce-7a4e-5a50-8d20-3483691f63d8,cx_full_12:seed-3,3b6804aaf5951efcb3b0dcef80ae368ab611bd4928c7374b4c00bff4d06d7aee,1629eb01-5621-5f4b-a49c-d9b69fd802c3,sshr_beam,ff1b07e81d71bb593535bb98a98a60866fed9a5ca57e72826e9505c1bfe26883,0a4754fd-bfe1-582b-9693-ed5462cb787a,resource_nmcts[learned:6ba157fb9b55],c84c20115a0fe93b66a4b98f59915b685e858339601976d443b1fc5d67848504,native_entangling_count,True,candidate - reference; negative favours candidate,100 * (reference - candidate) / abs(reference); positive favours candidate,8,8,8,8,8,0,6,2,0,62.5,48.0,41.0,36.0,-21.5,-37.375,-7.125,-14.0,-58.0,-2.0,25.23521505376344,12.30510752688172,37.98874327956987,27.5,6.666666666666667,46.774193548387096,0.0,0.03125,wilcox,6,1.0,1.0,1.0,global across all emitted Wilcoxon hypotheses,125,1.0,False,0.05,{}
mapping,2577a60b-efeb-5683-93fc-007ea0cd77aa,xa202609-hardware-validation-v1,XA-202609 Boolean Oracle hardware validation,xa202609-final-v1,f633c5af-970f-58a0-8281-b231ec72603c,cx_full_12,7711d5ce-7a4e-5a50-8d20-3483691f63d8,cx_full_12:seed-3,3b6804aaf5951efcb3b0dcef80ae368ab611bd4928c7374b4c00bff4d06d7aee,1629eb01-5621-5f4b-a49c-d9b69fd802c3,sshr_beam,ff1b07e81d71bb593535bb98a98a60866fed9a5ca57e72826e9505c1bfe26883,0a4754fd-bfe1-582b-9693-ed5462cb787a,resource_nmcts[learned:6ba157fb9b55],c84c20115a0fe93b66a4b98f59915b685e858339601976d443b1fc5d67848504,one_qubit_gate_count,True,candidate - reference; negative favours candidate,100 * (reference - candidate) / abs(reference); positive favours candidate,8,8,8,8,8,0,4,2,2,88.5,76.0,62.125,56.5,-26.375,-49.634375,-3.375,-21.5,-73.0,7.5,15.37824787824788,-8.750667688167688,36.734228046728006,22.12121212121212,-21.62162162162162,47.252747252747255,3.0,0.15625,wilcox,6,0.7142857142857143,-0.2,1.0,global across all emitted Wilcoxon hypotheses,125,1.0,False,0.05,{}
mapping,2577a60b-efeb-5683-93fc-007ea0cd77aa,xa202609-hardware-validation-v1,XA-202609 Boolean Oracle hardware validation,xa202609-final-v1,f633c5af-970f-58a0-8281-b231ec72603c,cx_full_12,7711d5ce-7a4e-5a50-8d20-3483691f63d8,cx_full_12:seed-3,3b6804aaf5951efcb3b0dcef80ae368ab611bd4928c7374b4c00bff4d06d7aee,1629eb01-5621-5f4b-a49c-d9b69fd802c3,sshr_beam,ff1b07e81d71bb593535bb98a98a60866fed9a5ca57e72826e9505c1bfe26883,0a4754fd-bfe1-582b-9693-ed5462cb787a,resource_nmcts[learned:6ba157fb9b55],c84c20115a0fe93b66a4b98f59915b685e858339601976d443b1fc5d67848504,routing_overhead,True,candidate - reference; negative favours candidate,100 * (reference - candidate) / abs(reference); positive favours candidate,8,8,8,8,8,0,0,8,0,0.0,0.0,0.0,0.0,0.0,0.0,0.0,0.0,0.0,0.0,0.0,0.0,0.0,0.0,0.0,0.0,0.0,1.0,wilcox,0,0.0,0.0,0.0,global across all emitted Wilcoxon hypotheses,125,1.0,False,0.05,{}
mapping,2577a60b-efeb-5683-93fc-007ea0cd77aa,xa202609-hardware-validation-v1,XA-202609 Boolean Oracle hardware validation,xa202609-final-v1,f633c5af-970f-58a0-8281-b231ec72603c,cx_full_12,7711d5ce-7a4e-5a50-8d20-3483691f63d8,cx_full_12:seed-3,3b6804aaf5951efcb3b0dcef80ae368ab611bd4928c7374b4c00bff4d06d7aee,1629eb01-5621-5f4b-a49c-d9b69fd802c3,sshr_beam,ff1b07e81d71bb593535bb98a98a60866fed9a5ca57e72826e9505c1bfe26883,0a4754fd-bfe1-582b-9693-ed5462cb787a,resource_nmcts[learned:6ba157fb9b55],c84c20115a0fe93b66a4b98f59915b685e858339601976d443b1fc5d67848504,swap_count,True,candidate - reference; negative favours candidate,100 * (reference - candidate) / abs(reference); positive favours candidate,8,8,8,8,8,0,0,8,0,0.0,0.0,0.0,0.0,0.0,0.0,0.0,0.0,0.0,0.0,0.0,0.0,0.0,0.0,0.0,0.0,0.0,1.0,wilcox,0,0.0,0.0,0.0,global across all emitted Wilcoxon hypotheses,125,1.0,False,0.05,{}
mapping,2577a60b-efeb-5683-93fc-007ea0cd77aa,xa202609-hardware-validation-v1,XA-202609 Boolean Oracle hardware validation,xa202609-final-v1,f633c5af-970f-58a0-8281-b231ec72603c,cx_full_12,7711d5ce-7a4e-5a50-8d20-3483691f63d8,cx_full_12:seed-3,3b6804aaf5951efcb3b0dcef80ae368ab611bd4928c7374b4c00bff4d06d7aee,1629eb01-5621-5f4b-a49c-d9b69fd802c3,sshr_beam,ff1b07e81d71bb593535bb98a98a60866fed9a5ca57e72826e9505c1bfe26883,0a4754fd-bfe1-582b-9693-ed5462cb787a,resource_nmcts[learned:6ba157fb9b55],c84c20115a0fe93b66a4b98f59915b685e858339601976d443b1fc5d67848504,total_gate_count,True,candidate - reference; negative favours candidate,100 * (reference - candidate) / abs(reference); positive favours candidate,8,8,8,8,8,0,4,2,2,151.0,124.0,103.125,91.0,-47.875,-89.88125,-12.243750000000034,-33.0,-100.0,3.0,19.895736321030107,2.4944481743531477,38.7895617811399,21.85430463576159,-4.477611940298507,45.32871972318339,3.0,0.15625,wilcox,6,0.7142857142857143,-0.2,1.0,global across all emitted Wilcoxon hypotheses,125,1.0,False,0.05,{}
mapping,2577a60b-efeb-5683-93fc-007ea0cd77aa,xa202609-hardware-validation-v1,XA-202609 Boolean Oracle hardware validation,xa202609-final-v1,f633c5af-970f-58a0-8281-b231ec72603c,cx_full_12,7711d5ce-7a4e-5a50-8d20-3483691f63d8,cx_full_12:seed-3,3b6804aaf5951efcb3b0dcef80ae368ab611bd4928c7374b4c00bff4d06d7aee,1629eb01-5621-5f4b-a49c-d9b69fd802c3,sshr_beam,ff1b07e81d71bb593535bb98a98a60866fed9a5ca57e72826e9505c1bfe26883,0a4754fd-bfe1-582b-9693-ed5462cb787a,resource_nmcts[learned:6ba157fb9b55],c84c20115a0fe93b66a4b98f59915b685e858339601976d443b1fc5d67848504,two_qubit_depth,True,candidate - reference; negative favours candidate,100 * (reference - candidate) / abs(reference); positive favours candidate,8,8,8,8,8,0,6,2,0,59.0,46.0,37.125,34.5,-21.875,-38.5,-7.375,-15.0,-41.0,0.0,28.08812698913701,14.090290381125227,41.28830979247216,32.24440411373261,0.0,46.2700228832952,0.0,0.03125,wilcox,6,1.0,1.0,1.0,global across all emitted Wilcoxon hypotheses,125,1.0,False,0.05,{}
mapping,2577a60b-efeb-5683-93fc-007ea0cd77aa,xa202609-hardware-validation-v1,XA-202609 Boolean Oracle hardware validation,xa202609-final-v1,f633c5af-970f-58a0-8281-b231ec72603c,cx_full_12,7711d5ce-7a4e-5a50-8d20-3483691f63d8,cx_full_12:seed-3,3b6804aaf5951efcb3b0dcef80ae368ab611bd4928c7374b4c00bff4d06d7aee,1629eb01-5621-5f4b-a49c-d9b69fd802c3,sshr_beam,ff1b07e81d71bb593535bb98a98a60866fed9a5ca57e72826e9505c1bfe26883,0a4754fd-bfe1-582b-9693-ed5462cb787a,resource_nmcts[learned:6ba157fb9b55],c84c20115a0fe93b66a4b98f59915b685e858339601976d443b1fc5d67848504,two_qubit_gate_count,True,candidate - reference; negative favours candidate,100 * (reference - candidate) / abs(reference); positive favours candidate,8,8,8,8,8,0,6,2,0,62.5,48.0,41.0,36.0,-21.5,-37.878125,-6.996875000000017,-14.0,-41.0,0.0,25.23521505376344,12.721774193548388,37.76243279569893,27.5,0.0,46.774193548387096,0.0,0.03125,wilcox,6,1.0,1.0,1.0,global across all emitted Wilcoxon hypotheses,125,1.0,False,0.05,{}
mapping,2577a60b-efeb-5683-93fc-007ea0cd77aa,xa202609-hardware-validation-v1,XA-202609 Boolean Oracle hardware validation,xa202609-final-v1,f633c5af-970f-58a0-8281-b231ec72603c,cx_full_12,7711d5ce-7a4e-5a50-8d20-3483691f63d8,cx_full_12:seed-3,3b6804aaf5951efcb3b0dcef80ae368ab611bd4928c7374b4c00bff4d06d7aee,09ecee42-cde2-5166-8c2d-67862d523204,sshr_h,cb99f5ca84b90873c12d35c596d7ff58fca3947302bf491efe8796d89ee54942,0a4754fd-bfe1-582b-9693-ed5462cb787a,resource_nmcts[learned:6ba157fb9b55],c84c20115a0fe93b66a4b98f59915b685e858339601976d443b1fc5d67848504,estimated_error,True,candidate - reference; negative favours candidate,100 * (reference - candidate) / abs(reference); positive favours candidate,8,8,8,0,0,8,0,0,0,,,,,,,,,,,,,,,,,,,wilcox,0,,,,global across all emitted Wilcoxon hypotheses,125,,False,0.05,"{""reference_metric_missing_or_nonfinite"":8}"
mapping,2577a60b-efeb-5683-93fc-007ea0cd77aa,xa202609-hardware-validation-v1,XA-202609 Boolean Oracle hardware validation,xa202609-final-v1,f633c5af-970f-58a0-8281-b231ec72603c,cx_full_12,7711d5ce-7a4e-5a50-8d20-3483691f63d8,cx_full_12:seed-3,3b6804aaf5951efcb3b0dcef80ae368ab611bd4928c7374b4c00bff4d06d7aee,09ecee42-cde2-5166-8c2d-67862d523204,sshr_h,cb99f5ca84b90873c12d35c596d7ff58fca3947302bf491efe8796d89ee54942,0a4754fd-bfe1-582b-9693-ed5462cb787a,resource_nmcts[learned:6ba157fb9b55],c84c20115a0fe93b66a4b98f59915b685e858339601976d443b1fc5d67848504,mapped_depth,True,candidate - reference; negative favours candidate,100 * (reference - candidate) / abs(reference); positive favours candidate,8,8,8,8,8,0,4,2,2,109.0,98.5,73.875,70.5,-35.125,-65.125,-4.375,-28.0,-74.5,5.0,18.989349950084282,-2.3983338072598728,40.377033707428424,23.724489795918366,-11.627906976744185,48.275862068965516,3.0,0.125,wilcox,6,0.7142857142857143,-0.2,1.0,global across all emitted Wilcoxon hypotheses,125,1.0,False,0.05,{}
mapping,2577a60b-efeb-5683-93fc-007ea0cd77aa,xa202609-hardware-validation-v1,XA-202609 Boolean Oracle hardware validation,xa202609-final-v1,f633c5af-970f-58a0-8281-b231ec72603c,cx_full_12,7711d5ce-7a4e-5a50-8d20-3483691f63d8,cx_full_12:seed-3,3b6804aaf5951efcb3b0dcef80ae368ab611bd4928c7374b4c00bff4d06d7aee,09ecee42-cde2-5166-8c2d-67862d523204,sshr_h,cb99f5ca84b90873c12d35c596d7ff58fca3947302bf491efe8796d89ee54942,0a4754fd-bfe1-582b-9693-ed5462cb787a,resource_nmcts[learned:6ba157fb9b55],c84c20115a0fe93b66a4b98f59915b685e858339601976d443b1fc5d67848504,mapping_runtime_s,True,candidate - reference; negative favours candidate,100 * (reference - candidate) / abs(reference); positive favours candidate,8,8,8,8,8,0,6,0,2,0.22381754999992154,0.2013902999997299,0.1867453000000978,0.18871760000001814,-0.037072249999823725,-0.0974518624996108,0.02726153000007514,-0.034423849998802325,-0.1345562999995309,0.0417472999988604,6.9923233374755585,-22.941903472467708,34.060392799064275,19.96884301338551,-48.28342759168117,34.62785611740837,11.0,0.3828125,wilcox,8,0.3888888888888889,-0.3333333333333333,1.0,global across all emitted Wilcoxon hypotheses,125,1.0,False,0.05,{}
mapping,2577a60b-efeb-5683-93fc-007ea0cd77aa,xa202609-hardware-validation-v1,XA-202609 Boolean Oracle hardware validation,xa202609-final-v1,f633c5af-970f-58a0-8281-b231ec72603c,cx_full_12,7711d5ce-7a4e-5a50-8d20-3483691f63d8,cx_full_12:seed-3,3b6804aaf5951efcb3b0dcef80ae368ab611bd4928c7374b4c00bff4d06d7aee,09ecee42-cde2-5166-8c2d-67862d523204,sshr_h,cb99f5ca84b90873c12d35c596d7ff58fca3947302bf491efe8796d89ee54942,0a4754fd-bfe1-582b-9693-ed5462cb787a,resource_nmcts[learned:6ba157fb9b55],c84c20115a0fe93b66a4b98f59915b685e858339601976d443b1fc5d67848504,native_entangling_count,True,candidate - reference; negative favours candidate,100 * (reference - candidate) / abs(reference); positive favours candidate,8,8,8,8,8,0,4,2,2,56.5,47.0,41.0,36.0,-15.5,-29.625,-3.496875000000017,-10.5,-44.0,1.5,15.289968652037617,-1.1559561128526652,32.09394592476486,18.103448275862068,-13.636363636363637,40.0,3.0,0.15625,wilcox,6,0.7142857142857143,-0.2,1.0,global across all emitted Wilcoxon hypotheses,125,1.0,False,0.05,{}
mapping,2577a60b-efeb-5683-93fc-007ea0cd77aa,xa202609-hardware-validation-v1,XA-202609 Boolean Oracle hardware validation,xa202609-final-v1,f633c5af-970f-58a0-8281-b231ec72603c,cx_full_12,7711d5ce-7a4e-5a50-8d20-3483691f63d8,cx_full_12:seed-3,3b6804aaf5951efcb3b0dcef80ae368ab611bd4928c7374b4c00bff4d06d7aee,09ecee42-cde2-5166-8c2d-67862d523204,sshr_h,cb99f5ca84b90873c12d35c596d7ff58fca3947302bf491efe8796d89ee54942,0a4754fd-bfe1-582b-9693-ed5462cb787a,resource_nmcts[learned:6ba157fb9b55],c84c20115a0fe93b66a4b98f59915b685e858339601976d443b1fc5d67848504,one_qubit_gate_count,True,candidate - reference; negative favours candidate,100 * (reference - candidate) / abs(reference); positive favours candidate,8,8,8,8,8,0,4,2,2,81.0,76.5,62.125,56.5,-18.875,-39.00625,1.506249999999966,-22.0,-50.0,16.0,4.220732943387461,-29.284873408366238,33.53107777097367,17.6056338028169,-55.172413793103445,47.82608695652174,3.0,0.15625,wilcox,6,0.7142857142857143,-0.07142857142857142,1.0,global across all emitted Wilcoxon hypotheses,125,1.0,False,0.05,{}
mapping,2577a60b-efeb-5683-93fc-007ea0cd77aa,xa202609-hardware-validation-v1,XA-202609 Boolean Oracle hardware validation,xa202609-final-v1,f633c5af-970f-58a0-8281-b231ec72603c,cx_full_12,7711d5ce-7a4e-5a50-8d20-3483691f63d8,cx_full_12:seed-3,3b6804aaf5951efcb3b0dcef80ae368ab611bd4928c7374b4c00bff4d06d7aee,09ecee42-cde2-5166-8c2d-67862d523204,sshr_h,cb99f5ca84b90873c12d35c596d7ff58fca3947302bf491efe8796d89ee54942,0a4754fd-bfe1-582b-9693-ed5462cb787a,resource_nmcts[learned:6ba157fb9b55],c84c20115a0fe93b66a4b98f59915b685e858339601976d443b1fc5d67848504,routing_overhead,True,candidate - reference; negative favours candidate,100 * (reference - candidate) / abs(reference); positive favours candidate,8,8,8,8,8,0,0,8,0,0.0,0.0,0.0,0.0,0.0,0.0,0.0,0.0,0.0,0.0,0.0,0.0,0.0,0.0,0.0,0.0,0.0,1.0,wilcox,0,0.0,0.0,0.0,global across all emitted Wilcoxon hypotheses,125,1.0,False,0.05,{}
mapping,2577a60b-efeb-5683-93fc-007ea0cd77aa,xa202609-hardware-validation-v1,XA-202609 Boolean Oracle hardware validation,xa202609-final-v1,f633c5af-970f-58a0-8281-b231ec72603c,cx_full_12,7711d5ce-7a4e-5a50-8d20-3483691f63d8,cx_full_12:seed-3,3b6804aaf5951efcb3b0dcef80ae368ab611bd4928c7374b4c00bff4d06d7aee,09ecee42-cde2-5166-8c2d-67862d523204,sshr_h,cb99f5ca84b90873c12d35c596d7ff58fca3947302bf491efe8796d89ee54942,0a4754fd-bfe1-582b-9693-ed5462cb787a,resource_nmcts[learned:6ba157fb9b55],c84c20115a0fe93b66a4b98f59915b685e858339601976d443b1fc5d67848504,swap_count,True,candidate - reference; negative favours candidate,100 * (reference - candidate) / abs(reference); positive favours candidate,8,8,8,8,8,0,0,8,0,0.0,0.0,0.0,0.0,0.0,0.0,0.0,0.0,0.0,0.0,0.0,0.0,0.0,0.0,0.0,0.0,0.0,1.0,wilcox,0,0.0,0.0,0.0,global across all emitted Wilcoxon hypotheses,125,1.0,False,0.05,{}
mapping,2577a60b-efeb-5683-93fc-007ea0cd77aa,xa202609-hardware-validation-v1,XA-202609 Boolean Oracle hardware validation,xa202609-final-v1,f633c5af-970f-58a0-8281-b231ec72603c,cx_full_12,7711d5ce-7a4e-5a50-8d20-3483691f63d8,cx_full_12:seed-3,3b6804aaf5951efcb3b0dcef80ae368ab611bd4928c7374b4c00bff4d06d7aee,09ecee42-cde2-5166-8c2d-67862d523204,sshr_h,cb99f5ca84b90873c12d35c596d7ff58fca3947302bf491efe8796d89ee54942,0a4754fd-bfe1-582b-9693-ed5462cb787a,resource_nmcts[learned:6ba157fb9b55],c84c20115a0fe93b66a4b98f59915b685e858339601976d443b1fc5d67848504,total_gate_count,True,candidate - reference; negative favours candidate,100 * (reference - candidate) / abs(reference); positive favours candidate,8,8,8,8,8,0,4,2,2,137.5,123.5,103.125,91.0,-34.375,-65.75937499999999,-2.625,-32.5,-94.0,19.0,9.13422035480859,-17.163573762838464,32.74603174603175,18.650793650793652,-26.470588235294116,41.317460317460316,3.0,0.15625,wilcox,6,0.7142857142857143,-0.2,1.0,global across all emitted Wilcoxon hypotheses,125,1.0,False,0.05,{}
mapping,2577a60b-efeb-5683-93fc-007ea0cd77aa,xa202609-hardware-validation-v1,XA-202609 Boolean Oracle hardware validation,xa202609-final-v1,f633c5af-970f-58a0-8281-b231ec72603c,cx_full_12,7711d5ce-7a4e-5a50-8d20-3483691f63d8,cx_full_12:seed-3,3b6804aaf5951efcb3b0dcef80ae368ab611bd4928c7374b4c00bff4d06d7aee,09ecee42-cde2-5166-8c2d-67862d523204,sshr_h,cb99f5ca84b90873c12d35c596d7ff58fca3947302bf491efe8796d89ee54942,0a4754fd-bfe1-582b-9693-ed5462cb787a,resource_nmcts[learned:6ba157fb9b55],c84c20115a0fe93b66a4b98f59915b685e858339601976d443b1fc5d67848504,two_qubit_depth,True,candidate - reference; negative favours candidate,100 * (reference - candidate) / abs(reference); positive favours candidate,8,8,8,8,8,0,4,2,2,52.75,44.5,37.125,34.5,-15.625,-29.375,-3.875,-10.0,-44.0,1.0,18.00087746869925,1.8846505186232905,34.73865838964846,18.51851851851852,-4.761904761904762,43.56435643564357,3.0,0.15625,wilcox,6,0.7142857142857143,-0.2,1.0,global across all emitted Wilcoxon hypotheses,125,1.0,False,0.05,{}
mapping,2577a60b-efeb-5683-93fc-007ea0cd77aa,xa202609-hardware-validation-v1,XA-202609 Boolean Oracle hardware validation,xa202609-final-v1,f633c5af-970f-58a0-8281-b231ec72603c,cx_full_12,7711d5ce-7a4e-5a50-8d20-3483691f63d8,cx_full_12:seed-3,3b6804aaf5951efcb3b0dcef80ae368ab611bd4928c7374b4c00bff4d06d7aee,09ecee42-cde2-5166-8c2d-67862d523204,sshr_h,cb99f5ca84b90873c12d35c596d7ff58fca3947302bf491efe8796d89ee54942,0a4754fd-bfe1-582b-9693-ed5462cb787a,resource_nmcts[learned:6ba157fb9b55],c84c20115a0fe93b66a4b98f59915b685e858339601976d443b1fc5d67848504,two_qubit_gate_count,True,candidate - reference; negative favours candidate,100 * (reference - candidate) / abs(reference); positive favours candidate,8,8,8,8,8,0,4,2,2,56.5,47.0,41.0,36.0,-15.5,-29.75,-3.125,-10.5,-44.0,3.0,15.289968652037617,-1.0566222570532924,31.398902821316614,18.103448275862068,-13.636363636363637,40.0,3.0,0.15625,wilcox,6,0.7142857142857143,-0.3333333333333333,1.0,global across all emitted Wilcoxon hypotheses,125,1.0,False,0.05,{}
mapping,2577a60b-efeb-5683-93fc-007ea0cd77aa,xa202609-hardware-validation-v1,XA-202609 Boolean Oracle hardware validation,xa202609-final-v1,9c355b3e-986f-570f-b981-821c3eda824f,cx_line_12_bidir,a2bc23d2-3da1-5b8b-a0d2-c417541dda9d,cx_line_12_bidir:seed-3,7e7f2dd846b3ac9452489b27d61b752383d6cf346dd2b2f71ce88a5ab869523f,47a9e486-8933-5182-aa78-3d50553dd40e,direct_anf,fcdd271312fc2b85e938d2db6e98c748aed2f60edd36efdf0a7468f40b033b4f,0a4754fd-bfe1-582b-9693-ed5462cb787a,resource_nmcts[learned:6ba157fb9b55],c84c20115a0fe93b66a4b98f59915b685e858339601976d443b1fc5d67848504,estimated_error,True,candidate - reference; negative favours candidate,100 * (reference - candidate) / abs(reference); positive favours candidate,8,8,8,0,0,8,0,0,0,,,,,,,,,,,,,,,,,,,wilcox,0,,,,global across all emitted Wilcoxon hypotheses,125,,False,0.05,"{""reference_metric_missing_or_nonfinite"":8}"
mapping,2577a60b-efeb-5683-93fc-007ea0cd77aa,xa202609-hardware-validation-v1,XA-202609 Boolean Oracle hardware validation,xa202609-final-v1,9c355b3e-986f-570f-b981-821c3eda824f,cx_line_12_bidir,a2bc23d2-3da1-5b8b-a0d2-c417541dda9d,cx_line_12_bidir:seed-3,7e7f2dd846b3ac9452489b27d61b752383d6cf346dd2b2f71ce88a5ab869523f,47a9e486-8933-5182-aa78-3d50553dd40e,direct_anf,fcdd271312fc2b85e938d2db6e98c748aed2f60edd36efdf0a7468f40b033b4f,0a4754fd-bfe1-582b-9693-ed5462cb787a,resource_nmcts[learned:6ba157fb9b55],c84c20115a0fe93b66a4b98f59915b685e858339601976d443b1fc5d67848504,mapped_depth,True,candidate - reference; negative favours candidate,100 * (reference - candidate) / abs(reference); positive favours candidate,8,8,8,8,8,0,4,2,2,323.0,153.0,127.5,106.5,-195.5,-439.375,-15.621875000000017,-45.0,-399.0,10.0,24.499909609837474,-2.250290360046457,49.63924363357548,21.951219512195124,-7.936507936507937,76.38136511375949,3.0,0.15625,wilcox,6,0.7142857142857143,-0.3333333333333333,1.0,global across all emitted Wilcoxon hypotheses,125,1.0,False,0.05,{}
mapping,2577a60b-efeb-5683-93fc-007ea0cd77aa,xa202609-hardware-validation-v1,XA-202609 Boolean Oracle hardware validation,xa202609-final-v1,9c355b3e-986f-570f-b981-821c3eda824f,cx_line_12_bidir,a2bc23d2-3da1-5b8b-a0d2-c417541dda9d,cx_line_12_bidir:seed-3,7e7f2dd846b3ac9452489b27d61b752383d6cf346dd2b2f71ce88a5ab869523f,47a9e486-8933-5182-aa78-3d50553dd40e,direct_anf,fcdd271312fc2b85e938d2db6e98c748aed2f60edd36efdf0a7468f40b033b4f,0a4754fd-bfe1-582b-9693-ed5462cb787a,resource_nmcts[learned:6ba157fb9b55],c84c20115a0fe93b66a4b98f59915b685e858339601976d443b1fc5d67848504,mapping_runtime_s,True,candidate - reference; negative favours candidate,100 * (reference - candidate) / abs(reference); positive favours candidate,8,8,8,8,8,0,5,0,3,0.5466302875003066,0.2220834000004288,0.25300881250007023,0.22479029999976774,-0.2936214750002364,-0.6182279225003924,0.0160582999997132,-0.030579199999010598,-0.640535649999947,0.05082680000032269,18.25229938255775,-7.599124234621824,44.11640357233236,17.537328538746273,-20.809131584812608,53.78681438763462,11.0,0.3828125,wilcox,8,0.3888888888888889,-0.3888888888888889,1.0,global across all emitted Wilcoxon hypotheses,125,1.0,False,0.05,{}
mapping,2577a60b-efeb-5683-93fc-007ea0cd77aa,xa202609-hardware-validation-v1,XA-202609 Boolean Oracle hardware validation,xa202609-final-v1,9c355b3e-986f-570f-b981-821c3eda824f,cx_line_12_bidir,a2bc23d2-3da1-5b8b-a0d2-c417541dda9d,cx_line_12_bidir:seed-3,7e7f2dd846b3ac9452489b27d61b752383d6cf346dd2b2f71ce88a5ab869523f,47a9e486-8933-5182-aa78-3d50553dd40e,direct_anf,fcdd271312fc2b85e938d2db6e98c748aed2f60edd36efdf0a7468f40b033b4f,0a4754fd-bfe1-582b-9693-ed5462cb787a,resource_nmcts[learned:6ba157fb9b55],c84c20115a0fe93b66a4b98f59915b685e858339601976d443b1fc5d67848504,native_entangling_count,True,candidate - reference; negative favours candidate,100 * (reference - candidate) / abs(reference); positive favours candidate,8,8,8,8,8,0,5,3,0,261.0,118.5,102.0,86.0,-159.0,-358.875,-15.375,-29.5,-319.5,0.0,28.641119799625983,9.573775409373237,51.52145421391533,19.148785996612084,0.0,57.80101430280928,0.0,0.0625,wilcox,5,1.0,1.0,1.0,global across all emitted Wilcoxon hypotheses,125,1.0,False,0.05,{}
mapping,2577a60b-efeb-5683-93fc-007ea0cd77aa,xa202609-hardware-validation-v1,XA-202609 Boolean Oracle hardware validation,xa202609-final-v1,9c355b3e-986f-570f-b981-821c3eda824f,cx_line_12_bidir,a2bc23d2-3da1-5b8b-a0d2-c417541dda9d,cx_line_12_bidir:seed-3,7e7f2dd846b3ac9452489b27d61b752383d6cf346dd2b2f71ce88a5ab869523f,47a9e486-8933-5182-aa78-3d50553dd40e,direct_anf,fcdd271312fc2b85e938d2db6e98c748aed2f60edd36efdf0a7468f40b033b4f,0a4754fd-bfe1-582b-9693-ed5462cb787a,resource_nmcts[learned:6ba157fb9b55],c84c20115a0fe93b66a4b98f59915b685e858339601976d443b1fc5d67848504,one_qubit_gate_count,True,candidate - reference; negative favours candidate,100 * (reference - candidate) / abs(reference); positive favours candidate,8,8,8,8,8,0,4,2,2,154.75,78.5,62.125,56.5,-92.625,-190.0,-3.4843750000000853,-24.0,-343.0,18.0,12.565652937420179,-33.56481481481482,52.1857040229885,25.0,-46.2962962962963,65.4669540229885,3.0,0.15625,wilcox,6,0.7142857142857143,-0.2,1.0,global across all emitted Wilcoxon hypotheses,125,1.0,False,0.05,{}
mapping,2577a60b-efeb-5683-93fc-007ea0cd77aa,xa202609-hardware-validation-v1,XA-202609 Boolean Oracle hardware validation,xa202609-final-v1,9c355b3e-986f-570f-b981-821c3eda824f,cx_line_12_bidir,a2bc23d2-3da1-5b8b-a0d2-c417541dda9d,cx_line_12_bidir:seed-3,7e7f2dd846b3ac9452489b27d61b752383d6cf346dd2b2f71ce88a5ab869523f,47a9e486-8933-5182-aa78-3d50553dd40e,direct_anf,fcdd271312fc2b85e938d2db6e98c748aed2f60edd36efdf0a7468f40b033b4f,0a4754fd-bfe1-582b-9693-ed5462cb787a,resource_nmcts[learned:6ba157fb9b55],c84c20115a0fe93b66a4b98f59915b685e858339601976d443b1fc5d67848504,routing_overhead,True,candidate - reference; negative favours candidate,100 * (reference - candidate) / abs(reference); positive favours candidate,8,8,8,8,8,0,2,2,4,1.2488715277777778,1.25,1.3515316365316365,1.3888888888888888,0.10266010875385875,-0.18309271935834434,0.361051908975737,0.18333333333333335,-0.48,0.4792613636363636,-6.543779390844852,-26.61319980733073,15.67318067586126,-14.102564102564104,-34.619331007592855,40.0,10.0,1.0,wilcox,6,-0.047619047619047616,-1.0,0.7857142857142857,global across all emitted Wilcoxon hypotheses,125,1.0,False,0.05,{}
mapping,2577a60b-efeb-5683-93fc-007ea0cd77aa,xa202609-hardware-validation-v1,XA-202609 Boolean Oracle hardware validation,xa202609-final-v1,9c355b3e-986f-570f-b981-821c3eda824f,cx_line_12_bidir,a2bc23d2-3da1-5b8b-a0d2-c417541dda9d,cx_line_12_bidir:seed-3,7e7f2dd846b3ac9452489b27d61b752383d6cf346dd2b2f71ce88a5ab869523f,47a9e486-8933-5182-aa78-3d50553dd40e,direct_anf,fcdd271312fc2b85e938d2db6e98c748aed2f60edd36efdf0a7468f40b033b4f,0a4754fd-bfe1-582b-9693-ed5462cb787a,resource_nmcts[learned:6ba157fb9b55],c84c20115a0fe93b66a4b98f59915b685e858339601976d443b1fc5d67848504,swap_count,True,candidate - reference; negative favours candidate,100 * (reference - candidate) / abs(reference); positive favours candidate,8,8,8,8,8,0,0,8,0,0.0,0.0,0.0,0.0,0.0,0.0,0.0,0.0,0.0,0.0,0.0,0.0,0.0,0.0,0.0,0.0,0.0,1.0,wilcox,0,0.0,0.0,0.0,global across all emitted Wilcoxon hypotheses,125,1.0,False,0.05,{}
mapping,2577a60b-efeb-5683-93fc-007ea0cd77aa,xa202609-hardware-validation-v1,XA-202609 Boolean Oracle hardware validation,xa202609-final-v1,9c355b3e-986f-570f-b981-821c3eda824f,cx_line_12_bidir,a2bc23d2-3da1-5b8b-a0d2-c417541dda9d,cx_line_12_bidir:seed-3,7e7f2dd846b3ac9452489b27d61b752383d6cf346dd2b2f71ce88a5ab869523f,47a9e486-8933-5182-aa78-3d50553dd40e,direct_anf,fcdd271312fc2b85e938d2db6e98c748aed2f60edd36efdf0a7468f40b033b4f,0a4754fd-bfe1-582b-9693-ed5462cb787a,resource_nmcts[learned:6ba157fb9b55],c84c20115a0fe93b66a4b98f59915b685e858339601976d443b1fc5d67848504,total_gate_count,True,candidate - reference; negative favours candidate,100 * (reference - candidate) / abs(reference); positive favours candidate,8,8,8,8,8,0,4,2,2,415.75,197.0,164.125,139.5,-251.625,-571.053125,-18.121875000000017,-53.0,-917.0,17.0,22.490721140337932,-5.985915492957746,49.32996405325346,20.622568093385215,-23.943661971830984,76.54424040066777,3.0,0.15625,wilcox,6,0.7142857142857143,-0.16666666666666666,1.0,global across all emitted Wilcoxon hypotheses,125,1.0,False,0.05,{}
mapping,2577a60b-efeb-5683-93fc-007ea0cd77aa,xa202609-hardware-validation-v1,XA-202609 Boolean Oracle hardware validation,xa202609-final-v1,9c355b3e-986f-570f-b981-821c3eda824f,cx_line_12_bidir,a2bc23d2-3da1-5b8b-a0d2-c417541dda9d,cx_line_12_bidir:seed-3,7e7f2dd846b3ac9452489b27d61b752383d6cf346dd2b2f71ce88a5ab869523f,47a9e486-8933-5182-aa78-3d50553dd40e,direct_anf,fcdd271312fc2b85e938d2db6e98c748aed2f60edd36efdf0a7468f40b033b4f,0a4754fd-bfe1-582b-9693-ed5462cb787a,resource_nmcts[learned:6ba157fb9b55],c84c20115a0fe93b66a4b98f59915b685e858339601976d443b1fc5d67848504,two_qubit_depth,True,candidate - reference; negative favours candidate,100 * (reference - candidate) / abs(reference); positive favours candidate,8,8,8,8,8,0,5,2,1,216.75,97.0,86.5,71.5,-130.25,-254.89374999999998,-11.996875000000017,-25.0,-266.2499999999997,0.0,27.89058837318331,8.344625112917797,51.0589545241444,19.3676603432701,0.0,74.5253164556962,1.5,0.09375,wilcox,6,0.8571428571428571,0.2857142857142857,1.0,global across all emitted Wilcoxon hypotheses,125,1.0,False,0.05,{}
mapping,2577a60b-efeb-5683-93fc-007ea0cd77aa,xa202609-hardware-validation-v1,XA-202609 Boolean Oracle hardware validation,xa202609-final-v1,9c355b3e-986f-570f-b981-821c3eda824f,cx_line_12_bidir,a2bc23d2-3da1-5b8b-a0d2-c417541dda9d,cx_line_12_bidir:seed-3,7e7f2dd846b3ac9452489b27d61b752383d6cf346dd2b2f71ce88a5ab869523f,47a9e486-8933-5182-aa78-3d50553dd40e,direct_anf,fcdd271312fc2b85e938d2db6e98c748aed2f60edd36efdf0a7468f40b033b4f,0a4754fd-bfe1-582b-9693-ed5462cb787a,resource_nmcts[learned:6ba157fb9b55],c84c20115a0fe93b66a4b98f59915b685e858339601976d443b1fc5d67848504,two_qubit_gate_count,True,candidate - reference; negative favours candidate,100 * (reference - candidate) / abs(reference); positive favours candidate,8,8,8,8,8,0,5,3,0,261.0,118.5,102.0,86.0,-159.0,-366.0,-15.5,-29.5,-319.5,0.0,28.641119799625983,9.403669724770642,51.52145421391533,19.148785996612084,0.0,57.80101430280928,0.0,0.0625,wilcox,5,1.0,1.0,1.0,global across all emitted Wilcoxon hypotheses,125,1.0,False,0.05,{}
mapping,2577a60b-efeb-5683-93fc-007ea0cd77aa,xa202609-hardware-validation-v1,XA-202609 Boolean Oracle hardware validation,xa202609-final-v1,9c355b3e-986f-570f-b981-821c3eda824f,cx_line_12_bidir,a2bc23d2-3da1-5b8b-a0d2-c417541dda9d,cx_line_12_bidir:seed-3,7e7f2dd846b3ac9452489b27d61b752383d6cf346dd2b2f71ce88a5ab869523f,5e2efe12-13bd-5dca-939a-01d0d34ea2c6,greedy_factor,2c93edc65b3032117b7bea3bd6a3dc43e2cb5298f91e46702328a297fa814f43,0a4754fd-bfe1-582b-9693-ed5462cb787a,resource_nmcts[learned:6ba157fb9b55],c84c20115a0fe93b66a4b98f59915b685e858339601976d443b1fc5d67848504,estimated_error,True,candidate - reference; negative favours candidate,100 * (reference - candidate) / abs(reference); positive favours candidate,8,8,8,0,0,8,0,0,0,,,,,,,,,,,,,,,,,,,wilcox,0,,,,global across all emitted Wilcoxon hypotheses,125,,False,0.05,"{""reference_metric_missing_or_nonfinite"":8}"
mapping,2577a60b-efeb-5683-93fc-007ea0cd77aa,xa202609-hardware-validation-v1,XA-202609 Boolean Oracle hardware validation,xa202609-final-v1,9c355b3e-986f-570f-b981-821c3eda824f,cx_line_12_bidir,a2bc23d2-3da1-5b8b-a0d2-c417541dda9d,cx_line_12_bidir:seed-3,7e7f2dd846b3ac9452489b27d61b752383d6cf346dd2b2f71ce88a5ab869523f,5e2efe12-13bd-5dca-939a-01d0d34ea2c6,greedy_factor,2c93edc65b3032117b7bea3bd6a3dc43e2cb5298f91e46702328a297fa814f43,0a4754fd-bfe1-582b-9693-ed5462cb787a,resource_nmcts[learned:6ba157fb9b55],c84c20115a0fe93b66a4b98f59915b685e858339601976d443b1fc5d67848504,mapped_depth,True,candidate - reference; negative favours candidate,100 * (reference - candidate) / abs(reference); positive favours candidate,8,8,8,8,8,0,4,2,2,205.5,119.5,127.5,106.5,-78.0,-159.125,1.5,-11.5,-164.0,10.0,13.203668312363966,-7.638888888888889,34.61156898656899,8.333333333333334,-15.873015873015873,58.07692307692308,3.0,0.15625,wilcox,6,0.7142857142857143,-0.2,1.0,global across all emitted Wilcoxon hypotheses,125,1.0,False,0.05,{}
mapping,2577a60b-efeb-5683-93fc-007ea0cd77aa,xa202609-hardware-validation-v1,XA-202609 Boolean Oracle hardware validation,xa202609-final-v1,9c355b3e-986f-570f-b981-821c3eda824f,cx_line_12_bidir,a2bc23d2-3da1-5b8b-a0d2-c417541dda9d,cx_line_12_bidir:seed-3,7e7f2dd846b3ac9452489b27d61b752383d6cf346dd2b2f71ce88a5ab869523f,5e2efe12-13bd-5dca-939a-01d0d34ea2c6,greedy_factor,2c93edc65b3032117b7bea3bd6a3dc43e2cb5298f91e46702328a297fa814f43,0a4754fd-bfe1-582b-9693-ed5462cb787a,resource_nmcts[learned:6ba157fb9b55],c84c20115a0fe93b66a4b98f59915b685e858339601976d443b1fc5d67848504,mapping_runtime_s,True,candidate - reference; negative favours candidate,100 * (reference - candidate) / abs(reference); positive favours candidate,8,8,8,8,8,0,6,0,2,0.38085132499998053,0.19341769999982716,0.25300881250007023,0.22479029999976774,-0.1278425124999103,-0.33809217499992883,0.021861722187728087,-0.00336494999964998,-0.5458588999999847,0.025630299999647832,8.44184450009258,-11.172546481069938,30.812427267463974,2.6696833375278164,-16.922364655784495,53.22162288543627,11.0,0.3828125,wilcox,8,0.3888888888888889,-0.3888888888888889,1.0,global across all emitted Wilcoxon hypotheses,125,1.0,False,0.05,{}
mapping,2577a60b-efeb-5683-93fc-007ea0cd77aa,xa202609-hardware-validation-v1,XA-202609 Boolean Oracle hardware validation,xa202609-final-v1,9c355b3e-986f-570f-b981-821c3eda824f,cx_line_12_bidir,a2bc23d2-3da1-5b8b-a0d2-c417541dda9d,cx_line_12_bidir:seed-3,7e7f2dd846b3ac9452489b27d61b752383d6cf346dd2b2f71ce88a5ab869523f,5e2efe12-13bd-5dca-939a-01d0d34ea2c6,greedy_factor,2c93edc65b3032117b7bea3bd6a3dc43e2cb5298f91e46702328a297fa814f43,0a4754fd-bfe1-582b-9693-ed5462cb787a,resource_nmcts[learned:6ba157fb9b55],c84c20115a0fe93b66a4b98f59915b685e858339601976d443b1fc5d67848504,native_entangling_count,True,candidate - reference; negative favours candidate,100 * (reference - candidate) / abs(reference); positive favours candidate,8,8,8,8,8,0,3,3,2,157.75,83.0,102.0,86.0,-55.75,-143.375,4.0,0.0,-232.0,6.0,11.421924110463303,-4.444444444444445,30.834166336764298,0.0,-6.666666666666667,28.6898078168862,5.0,0.5625,wilcox,5,0.3333333333333333,-0.9047619047619048,1.0,global across all emitted Wilcoxon hypotheses,125,1.0,False,0.05,{}
mapping,2577a60b-efeb-5683-93fc-007ea0cd77aa,xa202609-hardware-validation-v1,XA-202609 Boolean Oracle hardware validation,xa202609-final-v1,9c355b3e-986f-570f-b981-821c3eda824f,cx_line_12_bidir,a2bc23d2-3da1-5b8b-a0d2-c417541dda9d,cx_line_12_bidir:seed-3,7e7f2dd846b3ac9452489b27d61b752383d6cf346dd2b2f71ce88a5ab869523f,5e2efe12-13bd-5dca-939a-01d0d34ea2c6,greedy_factor,2c93edc65b3032117b7bea3bd6a3dc43e2cb5298f91e46702328a297fa814f43,0a4754fd-bfe1-582b-9693-ed5462cb787a,resource_nmcts[learned:6ba157fb9b55],c84c20115a0fe93b66a4b98f59915b685e858339601976d443b1fc5d67848504,one_qubit_gate_count,True,candidate - reference; negative favours candidate,100 * (reference - candidate) / abs(reference); positive favours candidate,8,8,8,8,8,0,4,2,2,96.75,65.5,62.125,56.5,-34.625,-74.5,5.256249999999966,-11.0,-137.0,18.0,3.2632101846075625,-35.20314196760704,38.126949469744225,15.714285714285714,-66.66666666666667,59.82532751091703,5.0,0.28125,wilcox,6,0.5238095238095238,-0.42857142857142855,1.0,global across all emitted Wilcoxon hypotheses,125,1.0,False,0.05,{}
mapping,2577a60b-efeb-5683-93fc-007ea0cd77aa,xa202609-hardware-validation-v1,XA-202609 Boolean Oracle hardware validation,xa202609-final-v1,9c355b3e-986f-570f-b981-821c3eda824f,cx_line_12_bidir,a2bc23d2-3da1-5b8b-a0d2-c417541dda9d,cx_line_12_bidir:seed-3,7e7f2dd846b3ac9452489b27d61b752383d6cf346dd2b2f71ce88a5ab869523f,5e2efe12-13bd-5dca-939a-01d0d34ea2c6,greedy_factor,2c93edc65b3032117b7bea3bd6a3dc43e2cb5298f91e46702328a297fa814f43,0a4754fd-bfe1-582b-9693-ed5462cb787a,resource_nmcts[learned:6ba157fb9b55],c84c20115a0fe93b66a4b98f59915b685e858339601976d443b1fc5d67848504,routing_overhead,True,candidate - reference; negative favours candidate,100 * (reference - candidate) / abs(reference); positive favours candidate,8,8,8,8,8,0,2,2,4,1.1477933168645575,1.1555555555555554,1.3515316365316365,1.3888888888888888,0.20373831966707895,-0.15644181068950969,0.5297827601796046,0.24923391215526047,-0.48,0.7517730496453902,-20.982641018170735,-55.01403153211939,11.448602837491727,-18.2566404788627,-66.15319953498246,40.0,5.0,0.3125,wilcox,6,-0.5238095238095238,-1.0,0.42857142857142855,global across all emitted Wilcoxon hypotheses,125,1.0,False,0.05,{}
mapping,2577a60b-efeb-5683-93fc-007ea0cd77aa,xa202609-hardware-validation-v1,XA-202609 Boolean Oracle hardware validation,xa202609-final-v1,9c355b3e-986f-570f-b981-821c3eda824f,cx_line_12_bidir,a2bc23d2-3da1-5b8b-a0d2-c417541dda9d,cx_line_12_bidir:seed-3,7e7f2dd846b3ac9452489b27d61b752383d6cf346dd2b2f71ce88a5ab869523f,5e2efe12-13bd-5dca-939a-01d0d34ea2c6,greedy_factor,2c93edc65b3032117b7bea3bd6a3dc43e2cb5298f91e46702328a297fa814f43,0a4754fd-bfe1-582b-9693-ed5462cb787a,resource_nmcts[learned:6ba157fb9b55],c84c20115a0fe93b66a4b98f59915b685e858339601976d443b1fc5d67848504,swap_count,True,candidate - reference; negative favours candidate,100 * (reference - candidate) / abs(reference); positive favours candidate,8,8,8,8,8,0,0,8,0,0.0,0.0,0.0,0.0,0.0,0.0,0.0,0.0,0.0,0.0,0.0,0.0,0.0,0.0,0.0,0.0,0.0,1.0,wilcox,0,0.0,0.0,0.0,global across all emitted Wilcoxon hypotheses,125,1.0,False,0.05,{}
mapping,2577a60b-efeb-5683-93fc-007ea0cd77aa,xa202609-hardware-validation-v1,XA-202609 Boolean Oracle hardware validation,xa202609-final-v1,9c355b3e-986f-570f-b981-821c3eda824f,cx_line_12_bidir,a2bc23d2-3da1-5b8b-a0d2-c417541dda9d,cx_line_12_bidir:seed-3,7e7f2dd846b3ac9452489b27d61b752383d6cf346dd2b2f71ce88a5ab869523f,5e2efe12-13bd-5dca-939a-01d0d34ea2c6,greedy_factor,2c93edc65b3032117b7bea3bd6a3dc43e2cb5298f91e46702328a297fa814f43,0a4754fd-bfe1-582b-9693-ed5462cb787a,resource_nmcts[learned:6ba157fb9b55],c84c20115a0fe93b66a4b98f59915b685e858339601976d443b1fc5d67848504,total_gate_count,True,candidate - reference; negative favours candidate,100 * (reference - candidate) / abs(reference); positive favours candidate,8,8,8,8,8,0,4,2,2,254.5,148.5,164.125,139.5,-90.375,-224.253125,7.125,-4.5,-369.0,12.5,8.907316495124594,-11.403185519366195,30.493990384615383,2.8125,-23.943661971830984,56.76923076923077,6.0,0.40625,wilcox,6,0.42857142857142855,-0.5,1.0,global across all emitted Wilcoxon hypotheses,125,1.0,False,0.05,{}
mapping,2577a60b-efeb-5683-93fc-007ea0cd77aa,xa202609-hardware-validation-v1,XA-202609 Boolean Oracle hardware validation,xa202609-final-v1,9c355b3e-986f-570f-b981-821c3eda824f,cx_line_12_bidir,a2bc23d2-3da1-5b8b-a0d2-c417541dda9d,cx_line_12_bidir:seed-3,7e7f2dd846b3ac9452489b27d61b752383d6cf346dd2b2f71ce88a5ab869523f,5e2efe12-13bd-5dca-939a-01d0d34ea2c6,greedy_factor,2c93edc65b3032117b7bea3bd6a3dc43e2cb5298f91e46702328a297fa814f43,0a4754fd-bfe1-582b-9693-ed5462cb787a,resource_nmcts[learned:6ba157fb9b55],c84c20115a0fe93b66a4b98f59915b685e858339601976d443b1fc5d67848504,two_qubit_depth,True,candidate - reference; negative favours candidate,100 * (reference - candidate) / abs(reference); positive favours candidate,8,8,8,8,8,0,4,3,1,137.0,72.5,86.5,71.5,-50.5,-125.625,-0.125,-0.5,-101.5,0.0,14.171913144031864,-0.01418037436188313,34.39816062525266,1.1627906976744187,0.0,55.52486187845304,1.5,0.1875,wilcox,5,0.8,0.0,1.0,global across all emitted Wilcoxon hypotheses,125,1.0,False,0.05,{}
mapping,2577a60b-efeb-5683-93fc-007ea0cd77aa,xa202609-hardware-validation-v1,XA-202609 Boolean Oracle hardware validation,xa202609-final-v1,9c355b3e-986f-570f-b981-821c3eda824f,cx_line_12_bidir,a2bc23d2-3da1-5b8b-a0d2-c417541dda9d,cx_line_12_bidir:seed-3,7e7f2dd846b3ac9452489b27d61b752383d6cf346dd2b2f71ce88a5ab869523f,5e2efe12-13bd-5dca-939a-01d0d34ea2c6,greedy_factor,2c93edc65b3032117b7bea3bd6a3dc43e2cb5298f91e46702328a297fa814f43,0a4754fd-bfe1-582b-9693-ed5462cb787a,resource_nmcts[learned:6ba157fb9b55],c84c20115a0fe93b66a4b98f59915b685e858339601976d443b1fc5d67848504,two_qubit_gate_count,True,candidate - reference; negative favours candidate,100 * (reference - candidate) / abs(reference); positive favours candidate,8,8,8,8,8,0,3,3,2,157.75,83.0,102.0,86.0,-55.75,-142.625,3.875,0.0,-232.0,6.0,11.421924110463303,-4.713068181818181,32.63624967009765,0.0,-6.666666666666667,55.10688836104513,5.0,0.5625,wilcox,5,0.3333333333333333,-0.8,1.0,global across all emitted Wilcoxon hypotheses,125,1.0,False,0.05,{}
mapping,2577a60b-efeb-5683-93fc-007ea0cd77aa,xa202609-hardware-validation-v1,XA-202609 Boolean Oracle hardware validation,xa202609-final-v1,9c355b3e-986f-570f-b981-821c3eda824f,cx_line_12_bidir,a2bc23d2-3da1-5b8b-a0d2-c417541dda9d,cx_line_12_bidir:seed-3,7e7f2dd846b3ac9452489b27d61b752383d6cf346dd2b2f71ce88a5ab869523f,5477e6fa-bceb-56c0-ad4f-b53a53774027,mcts_factor,cddf5da22fbdbf023c5b240a48c49eb3e8f3299a0810243c5534a71158709686,0a4754fd-bfe1-582b-9693-ed5462cb787a,resource_nmcts[learned:6ba157fb9b55],c84c20115a0fe93b66a4b98f59915b685e858339601976d443b1fc5d67848504,estimated_error,True,candidate - reference; negative favours candidate,100 * (reference - candidate) / abs(reference); positive favours candidate,8,8,8,0,0,8,0,0,0,,,,,,,,,,,,,,,,,,,wilcox,0,,,,global across all emitted Wilcoxon hypotheses,125,,False,0.05,"{""reference_metric_missing_or_nonfinite"":8}"
mapping,2577a60b-efeb-5683-93fc-007ea0cd77aa,xa202609-hardware-validation-v1,XA-202609 Boolean Oracle hardware validation,xa202609-final-v1,9c355b3e-986f-570f-b981-821c3eda824f,cx_line_12_bidir,a2bc23d2-3da1-5b8b-a0d2-c417541dda9d,cx_line_12_bidir:seed-3,7e7f2dd846b3ac9452489b27d61b752383d6cf346dd2b2f71ce88a5ab869523f,5477e6fa-bceb-56c0-ad4f-b53a53774027,mcts_factor,cddf5da22fbdbf023c5b240a48c49eb3e8f3299a0810243c5534a71158709686,0a4754fd-bfe1-582b-9693-ed5462cb787a,resource_nmcts[learned:6ba157fb9b55],c84c20115a0fe93b66a4b98f59915b685e858339601976d443b1fc5d67848504,mapped_depth,True,candidate - reference; negative favours candidate,100 * (reference - candidate) / abs(reference); positive favours candidate,8,8,8,8,8,0,4,2,2,205.5,119.5,127.5,106.5,-78.0,-186.375,1.503124999999983,-11.5,-302.0,10.0,13.203668312363966,-7.071363871635611,33.476867335562986,8.333333333333334,-15.079365079365079,38.458751393534,3.0,0.15625,wilcox,6,0.7142857142857143,-0.16749999999999995,1.0,global across all emitted Wilcoxon hypotheses,125,1.0,False,0.05,{}
mapping,2577a60b-efeb-5683-93fc-007ea0cd77aa,xa202609-hardware-validation-v1,XA-202609 Boolean Oracle hardware validation,xa202609-final-v1,9c355b3e-986f-570f-b981-821c3eda824f,cx_line_12_bidir,a2bc23d2-3da1-5b8b-a0d2-c417541dda9d,cx_line_12_bidir:seed-3,7e7f2dd846b3ac9452489b27d61b752383d6cf346dd2b2f71ce88a5ab869523f,5477e6fa-bceb-56c0-ad4f-b53a53774027,mcts_factor,cddf5da22fbdbf023c5b240a48c49eb3e8f3299a0810243c5534a71158709686,0a4754fd-bfe1-582b-9693-ed5462cb787a,resource_nmcts[learned:6ba157fb9b55],c84c20115a0fe93b66a4b98f59915b685e858339601976d443b1fc5d67848504,mapping_runtime_s,True,candidate - reference; negative favours candidate,100 * (reference - candidate) / abs(reference); positive favours candidate,8,8,8,8,8,0,3,0,5,0.353177050000113,0.1821188499998243,0.25300881250007023,0.22479029999976774,-0.10016823750004278,-0.27353356625039,0.037011677187552765,0.005186900000808237,-0.4564784000003783,0.0742525999994541,3.2937806036120962,-17.42897311282337,25.510138424274135,-4.187464629987807,-21.150363479211503,48.755870740965335,17.0,0.9453125,wilcox,8,-0.05555555555555555,-1.0,0.6666666666666666,global across all emitted Wilcoxon hypotheses,125,1.0,False,0.05,{}
mapping,2577a60b-efeb-5683-93fc-007ea0cd77aa,xa202609-hardware-validation-v1,XA-202609 Boolean Oracle hardware validation,xa202609-final-v1,9c355b3e-986f-570f-b981-821c3eda824f,cx_line_12_bidir,a2bc23d2-3da1-5b8b-a0d2-c417541dda9d,cx_line_12_bidir:seed-3,7e7f2dd846b3ac9452489b27d61b752383d6cf346dd2b2f71ce88a5ab869523f,5477e6fa-bceb-56c0-ad4f-b53a53774027,mcts_factor,cddf5da22fbdbf023c5b240a48c49eb3e8f3299a0810243c5534a71158709686,0a4754fd-bfe1-582b-9693-ed5462cb787a,resource_nmcts[learned:6ba157fb9b55],c84c20115a0fe93b66a4b98f59915b685e858339601976d443b1fc5d67848504,native_entangling_count,True,candidate - reference; negative favours candidate,100 * (reference - candidate) / abs(reference); positive favours candidate,8,8,8,8,8,0,3,3,2,157.75,83.0,102.0,86.0,-55.75,-142.75,3.875,0.0,-232.0,6.0,11.421924110463303,-4.444444444444445,31.81001860949155,0.0,-6.666666666666667,28.6898078168862,5.0,0.5625,wilcox,5,0.3333333333333333,-1.0,1.0,global across all emitted Wilcoxon hypotheses,125,1.0,False,0.05,{}
mapping,2577a60b-efeb-5683-93fc-007ea0cd77aa,xa202609-hardware-validation-v1,XA-202609 Boolean Oracle hardware validation,xa202609-final-v1,9c355b3e-986f-570f-b981-821c3eda824f,cx_line_12_bidir,a2bc23d2-3da1-5b8b-a0d2-c417541dda9d,cx_line_12_bidir:seed-3,7e7f2dd846b3ac9452489b27d61b752383d6cf346dd2b2f71ce88a5ab869523f,5477e6fa-bceb-56c0-ad4f-b53a53774027,mcts_factor,cddf5da22fbdbf023c5b240a48c49eb3e8f3299a0810243c5534a71158709686,0a4754fd-bfe1-582b-9693-ed5462cb787a,resource_nmcts[learned:6ba157fb9b55],c84c20115a0fe93b66a4b98f59915b685e858339601976d443b1fc5d67848504,one_qubit_gate_count,True,candidate - reference; negative favours candidate,100 * (reference - candidate) / abs(reference); positive favours candidate,8,8,8,8,8,0,4,2,2,96.75,65.5,62.125,56.5,-34.625,-78.0,2.75,-11.0,-137.0,12.63749999999925,3.2632101846075625,-35.58157303435688,38.48409232688709,15.714285714285714,-66.66666666666667,59.82532751091703,5.0,0.28125,wilcox,6,0.5238095238095238,-0.42857142857142855,1.0,global across all emitted Wilcoxon hypotheses,125,1.0,False,0.05,{}
mapping,2577a60b-efeb-5683-93fc-007ea0cd77aa,xa202609-hardware-validation-v1,XA-202609 Boolean Oracle hardware validation,xa202609-final-v1,9c355b3e-986f-570f-b981-821c3eda824f,cx_line_12_bidir,a2bc23d2-3da1-5b8b-a0d2-c417541dda9d,cx_line_12_bidir:seed-3,7e7f2dd846b3ac9452489b27d61b752383d6cf346dd2b2f71ce88a5ab869523f,5477e6fa-bceb-56c0-ad4f-b53a53774027,mcts_factor,cddf5da22fbdbf023c5b240a48c49eb3e8f3299a0810243c5534a71158709686,0a4754fd-bfe1-582b-9693-ed5462cb787a,resource_nmcts[learned:6ba157fb9b55],c84c20115a0fe93b66a4b98f59915b685e858339601976d443b1fc5d67848504,routing_overhead,True,candidate - reference; negative favours candidate,100 * (reference - candidate) / abs(reference); positive favours candidate,8,8,8,8,8,0,2,2,4,1.1477933168645575,1.1555555555555554,1.3515316365316365,1.3888888888888888,0.20373831966707895,-0.1395225784514572,0.5297827601796046,0.24923391215526047,-0.48,0.7517730496453902,-20.982641018170735,-52.270887283807184,11.012762957207402,-18.2566404788627,-59.341911796692166,21.624999999997428,5.0,0.3125,wilcox,6,-0.5238095238095238,-1.0,0.35714285714285715,global across all emitted Wilcoxon hypotheses,125,1.0,False,0.05,{}
mapping,2577a60b-efeb-5683-93fc-007ea0cd77aa,xa202609-hardware-validation-v1,XA-202609 Boolean Oracle hardware validation,xa202609-final-v1,9c355b3e-986f-570f-b981-821c3eda824f,cx_line_12_bidir,a2bc23d2-3da1-5b8b-a0d2-c417541dda9d,cx_line_12_bidir:seed-3,7e7f2dd846b3ac9452489b27d61b752383d6cf346dd2b2f71ce88a5ab869523f,5477e6fa-bceb-56c0-ad4f-b53a53774027,mcts_factor,cddf5da22fbdbf023c5b240a48c49eb3e8f3299a0810243c5534a71158709686,0a4754fd-bfe1-582b-9693-ed5462cb787a,resource_nmcts[learned:6ba157fb9b55],c84c20115a0fe93b66a4b98f59915b685e858339601976d443b1fc5d67848504,swap_count,True,candidate - reference; negative favours candidate,100 * (reference - candidate) / abs(reference); positive favours candidate,8,8,8,8,8,0,0,8,0,0.0,0.0,0.0,0.0,0.0,0.0,0.0,0.0,0.0,0.0,0.0,0.0,0.0,0.0,0.0,0.0,0.0,1.0,wilcox,0,0.0,0.0,0.0,global across all emitted Wilcoxon hypotheses,125,1.0,False,0.05,{}
mapping,2577a60b-efeb-5683-93fc-007ea0cd77aa,xa202609-hardware-validation-v1,XA-202609 Boolean Oracle hardware validation,xa202609-final-v1,9c355b3e-986f-570f-b981-821c3eda824f,cx_line_12_bidir,a2bc23d2-3da1-5b8b-a0d2-c417541dda9d,cx_line_12_bidir:seed-3,7e7f2dd846b3ac9452489b27d61b752383d6cf346dd2b2f71ce88a5ab869523f,5477e6fa-bceb-56c0-ad4f-b53a53774027,mcts_factor,cddf5da22fbdbf023c5b240a48c49eb3e8f3299a0810243c5534a71158709686,0a4754fd-bfe1-582b-9693-ed5462cb787a,resource_nmcts[learned:6ba157fb9b55],c84c20115a0fe93b66a4b98f59915b685e858339601976d443b1fc5d67848504,total_gate_count,True,candidate - reference; negative favours candidate,100 * (reference - candidate) / abs(reference); positive favours candidate,8,8,8,8,8,0,4,2,2,254.5,148.5,164.125,139.5,-90.375,-225.525,6.0,-4.5,-369.0,12.5,8.907316495124594,-11.976232394366196,30.493990384615383,2.8125,-17.6056338028169,56.76923076923077,6.0,0.40625,wilcox,6,0.42857142857142855,-0.5005952380952381,1.0,global across all emitted Wilcoxon hypotheses,125,1.0,False,0.05,{}
mapping,2577a60b-efeb-5683-93fc-007ea0cd77aa,xa202609-hardware-validation-v1,XA-202609 Boolean Oracle hardware validation,xa202609-final-v1,9c355b3e-986f-570f-b981-821c3eda824f,cx_line_12_bidir,a2bc23d2-3da1-5b8b-a0d2-c417541dda9d,cx_line_12_bidir:seed-3,7e7f2dd846b3ac9452489b27d61b752383d6cf346dd2b2f71ce88a5ab869523f,5477e6fa-bceb-56c0-ad4f-b53a53774027,mcts_factor,cddf5da22fbdbf023c5b240a48c49eb3e8f3299a0810243c5534a71158709686,0a4754fd-bfe1-582b-9693-ed5462cb787a,resource_nmcts[learned:6ba157fb9b55],c84c20115a0fe93b66a4b98f59915b685e858339601976d443b1fc5d67848504,two_qubit_depth,True,candidate - reference; negative favours candidate,100 * (reference - candidate) / abs(reference); positive favours candidate,8,8,8,8,8,0,4,3,1,137.0,72.5,86.5,71.5,-50.5,-125.5,-0.125,-0.5,-201.0,0.0,14.171913144031864,-0.01418037436188313,34.70303867403315,1.1627906976744187,0.0,28.98194313434847,1.5,0.1875,wilcox,5,0.8,0.0,1.0,global across all emitted Wilcoxon hypotheses,125,1.0,False,0.05,{}
mapping,2577a60b-efeb-5683-93fc-007ea0cd77aa,xa202609-hardware-validation-v1,XA-202609 Boolean Oracle hardware validation,xa202609-final-v1,9c355b3e-986f-570f-b981-821c3eda824f,cx_line_12_bidir,a2bc23d2-3da1-5b8b-a0d2-c417541dda9d,cx_line_12_bidir:seed-3,7e7f2dd846b3ac9452489b27d61b752383d6cf346dd2b2f71ce88a5ab869523f,5477e6fa-bceb-56c0-ad4f-b53a53774027,mcts_factor,cddf5da22fbdbf023c5b240a48c49eb3e8f3299a0810243c5534a71158709686,0a4754fd-bfe1-582b-9693-ed5462cb787a,resource_nmcts[learned:6ba157fb9b55],c84c20115a0fe93b66a4b98f59915b685e858339601976d443b1fc5d67848504,two_qubit_gate_count,True,candidate - reference; negative favours candidate,100 * (reference - candidate) / abs(reference); positive favours candidate,8,8,8,8,8,0,3,3,2,157.75,83.0,102.0,86.0,-55.75,-142.625,4.0,0.0,-116.5,6.0,11.421924110463303,-4.444444444444445,28.445508004630412,0.0,-6.666666666666667,55.10688836104513,5.0,0.5625,wilcox,5,0.3333333333333333,-0.9057539682539683,1.0,global across all emitted Wilcoxon hypotheses,125,1.0,False,0.05,{}
mapping,2577a60b-efeb-5683-93fc-007ea0cd77aa,xa202609-hardware-validation-v1,XA-202609 Boolean Oracle hardware validation,xa202609-final-v1,9c355b3e-986f-570f-b981-821c3eda824f,cx_line_12_bidir,a2bc23d2-3da1-5b8b-a0d2-c417541dda9d,cx_line_12_bidir:seed-3,7e7f2dd846b3ac9452489b27d61b752383d6cf346dd2b2f71ce88a5ab869523f,1629eb01-5621-5f4b-a49c-d9b69fd802c3,sshr_beam,ff1b07e81d71bb593535bb98a98a60866fed9a5ca57e72826e9505c1bfe26883,0a4754fd-bfe1-582b-9693-ed5462cb787a,resource_nmcts[learned:6ba157fb9b55],c84c20115a0fe93b66a4b98f59915b685e858339601976d443b1fc5d67848504,estimated_error,True,candidate - reference; negative favours candidate,100 * (reference - candidate) / abs(reference); positive favours candidate,8,8,8,0,0,8,0,0,0,,,,,,,,,,,,,,,,,,,wilcox,0,,,,global across all emitted Wilcoxon hypotheses,125,,False,0.05,"{""reference_metric_missing_or_nonfinite"":8}"
mapping,2577a60b-efeb-5683-93fc-007ea0cd77aa,xa202609-hardware-validation-v1,XA-202609 Boolean Oracle hardware validation,xa202609-final-v1,9c355b3e-986f-570f-b981-821c3eda824f,cx_line_12_bidir,a2bc23d2-3da1-5b8b-a0d2-c417541dda9d,cx_line_12_bidir:seed-3,7e7f2dd846b3ac9452489b27d61b752383d6cf346dd2b2f71ce88a5ab869523f,1629eb01-5621-5f4b-a49c-d9b69fd802c3,sshr_beam,ff1b07e81d71bb593535bb98a98a60866fed9a5ca57e72826e9505c1bfe26883,0a4754fd-bfe1-582b-9693-ed5462cb787a,resource_nmcts[learned:6ba157fb9b55],c84c20115a0fe93b66a4b98f59915b685e858339601976d443b1fc5d67848504,mapped_depth,True,candidate - reference; negative favours candidate,100 * (reference - candidate) / abs(reference); positive favours candidate,8,8,8,8,8,0,5,2,1,180.25,135.5,127.5,106.5,-52.75,-101.625,-15.121875000000017,-31.5,-151.0,0.0,19.61942274651505,6.577864015976761,31.90609667534584,21.114742193173566,0.0,40.921409214092144,1.0,0.0625,wilcox,6,0.9047619047619048,0.42857142857142855,1.0,global across all emitted Wilcoxon hypotheses,125,1.0,False,0.05,{}
mapping,2577a60b-efeb-5683-93fc-007ea0cd77aa,xa202609-hardware-validation-v1,XA-202609 Boolean Oracle hardware validation,xa202609-final-v1,9c355b3e-986f-570f-b981-821c3eda824f,cx_line_12_bidir,a2bc23d2-3da1-5b8b-a0d2-c417541dda9d,cx_line_12_bidir:seed-3,7e7f2dd846b3ac9452489b27d61b752383d6cf346dd2b2f71ce88a5ab869523f,1629eb01-5621-5f4b-a49c-d9b69fd802c3,sshr_beam,ff1b07e81d71bb593535bb98a98a60866fed9a5ca57e72826e9505c1bfe26883,0a4754fd-bfe1-582b-9693-ed5462cb787a,resource_nmcts[learned:6ba157fb9b55],c84c20115a0fe93b66a4b98f59915b685e858339601976d443b1fc5d67848504,mapping_runtime_s,True,candidate - reference; negative favours candidate,100 * (reference - candidate) / abs(reference); positive favours candidate,8,8,8,8,8,0,6,0,2,0.3216818374999093,0.2578032500005065,0.25300881250007023,0.22479029999976774,-0.06867302499983907,-0.13910111968704655,-0.010614545312367373,-0.03100685000026715,-0.18848949999937759,0.0013852000001861597,13.284729747483704,-2.7640375438061677,27.368705077110555,14.644761444487827,-1.2878980170922596,35.88969345527727,5.0,0.078125,wilcox,8,0.7222222222222222,0.05555555555555555,1.0,global across all emitted Wilcoxon hypotheses,125,1.0,False,0.05,{}
mapping,2577a60b-efeb-5683-93fc-007ea0cd77aa,xa202609-hardware-validation-v1,XA-202609 Boolean Oracle hardware validation,xa202609-final-v1,9c355b3e-986f-570f-b981-821c3eda824f,cx_line_12_bidir,a2bc23d2-3da1-5b8b-a0d2-c417541dda9d,cx_line_12_bidir:seed-3,7e7f2dd846b3ac9452489b27d61b752383d6cf346dd2b2f71ce88a5ab869523f,1629eb01-5621-5f4b-a49c-d9b69fd802c3,sshr_beam,ff1b07e81d71bb593535bb98a98a60866fed9a5ca57e72826e9505c1bfe26883,0a4754fd-bfe1-582b-9693-ed5462cb787a,resource_nmcts[learned:6ba157fb9b55],c84c20115a0fe93b66a4b98f59915b685e858339601976d443b1fc5d67848504,native_entangling_count,True,candidate - reference; negative favours candidate,100 * (reference - candidate) / abs(reference); positive favours candidate,8,8,8,8,8,0,6,2,0,146.0,104.5,102.0,86.0,-44.0,-75.0,-14.125,-26.5,-120.0,0.0,24.52845761800795,12.81157439052176,34.2089087458275,30.576441102756895,0.0,38.83495145631068,0.0,0.03125,wilcox,6,1.0,1.0,1.0,global across all emitted Wilcoxon hypotheses,125,1.0,False,0.05,{}
mapping,2577a60b-efeb-5683-93fc-007ea0cd77aa,xa202609-hardware-validation-v1,XA-202609 Boolean Oracle hardware validation,xa202609-final-v1,9c355b3e-986f-570f-b981-821c3eda824f,cx_line_12_bidir,a2bc23d2-3da1-5b8b-a0d2-c417541dda9d,cx_line_12_bidir:seed-3,7e7f2dd846b3ac9452489b27d61b752383d6cf346dd2b2f71ce88a5ab869523f,1629eb01-5621-5f4b-a49c-d9b69fd802c3,sshr_beam,ff1b07e81d71bb593535bb98a98a60866fed9a5ca57e72826e9505c1bfe26883,0a4754fd-bfe1-582b-9693-ed5462cb787a,resource_nmcts[learned:6ba157fb9b55],c84c20115a0fe93b66a4b98f59915b685e858339601976d443b1fc5d67848504,one_qubit_gate_count,True,candidate - reference; negative favours candidate,100 * (reference - candidate) / abs(reference); positive favours candidate,8,8,8,8,8,0,4,2,2,89.0,76.0,62.125,56.5,-26.875,-52.00625,-4.496875000000017,-21.5,-60.0,8.0,15.54518672782146,-8.751029830745399,38.58916411311621,22.45508982035928,-21.62162162162162,46.108935974205295,3.0,0.15625,wilcox,6,0.7142857142857143,-0.2,1.0,global across all emitted Wilcoxon hypotheses,125,1.0,False,0.05,{}
mapping,2577a60b-efeb-5683-93fc-007ea0cd77aa,xa202609-hardware-validation-v1,XA-202609 Boolean Oracle hardware validation,xa202609-final-v1,9c355b3e-986f-570f-b981-821c3eda824f,cx_line_12_bidir,a2bc23d2-3da1-5b8b-a0d2-c417541dda9d,cx_line_12_bidir:seed-3,7e7f2dd846b3ac9452489b27d61b752383d6cf346dd2b2f71ce88a5ab869523f,1629eb01-5621-5f4b-a49c-d9b69fd802c3,sshr_beam,ff1b07e81d71bb593535bb98a98a60866fed9a5ca57e72826e9505c1bfe26883,0a4754fd-bfe1-582b-9693-ed5462cb787a,resource_nmcts[learned:6ba157fb9b55],c84c20115a0fe93b66a4b98f59915b685e858339601976d443b1fc5d67848504,routing_overhead,True,candidate - reference; negative favours candidate,100 * (reference - candidate) / abs(reference); positive favours candidate,8,8,8,8,8,0,2,2,4,1.2549283154121864,1.2083333333333333,1.3515316365316365,1.3888888888888888,0.09660332111945016,-0.17449770176786308,0.35460043988269796,0.1858504398826979,-0.25384615384615383,0.4500000000000002,-6.389873085078566,-26.421497525521506,14.756957812180378,-12.457002457002453,-36.98630136986303,40.0,9.0,0.8125,wilcox,6,-0.14285714285714285,-1.0,0.7857142857142857,global across all emitted Wilcoxon hypotheses,125,1.0,False,0.05,{}
mapping,2577a60b-efeb-5683-93fc-007ea0cd77aa,xa202609-hardware-validation-v1,XA-202609 Boolean Oracle hardware validation,xa202609-final-v1,9c355b3e-986f-570f-b981-821c3eda824f,cx_line_12_bidir,a2bc23d2-3da1-5b8b-a0d2-c417541dda9d,cx_line_12_bidir:seed-3,7e7f2dd846b3ac9452489b27d61b752383d6cf346dd2b2f71ce88a5ab869523f,1629eb01-5621-5f4b-a49c-d9b69fd802c3,sshr_beam,ff1b07e81d71bb593535bb98a98a60866fed9a5ca57e72826e9505c1bfe26883,0a4754fd-bfe1-582b-9693-ed5462cb787a,resource_nmcts[learned:6ba157fb9b55],c84c20115a0fe93b66a4b98f59915b685e858339601976d443b1fc5d67848504,swap_count,True,candidate - reference; negative favours candidate,100 * (reference - candidate) / abs(reference); positive favours candidate,8,8,8,8,8,0,0,8,0,0.0,0.0,0.0,0.0,0.0,0.0,0.0,0.0,0.0,0.0,0.0,0.0,0.0,0.0,0.0,0.0,0.0,1.0,wilcox,0,0.0,0.0,0.0,global across all emitted Wilcoxon hypotheses,125,1.0,False,0.05,{}
mapping,2577a60b-efeb-5683-93fc-007ea0cd77aa,xa202609-hardware-validation-v1,XA-202609 Boolean Oracle hardware validation,xa202609-final-v1,9c355b3e-986f-570f-b981-821c3eda824f,cx_line_12_bidir,a2bc23d2-3da1-5b8b-a0d2-c417541dda9d,cx_line_12_bidir:seed-3,7e7f2dd846b3ac9452489b27d61b752383d6cf346dd2b2f71ce88a5ab869523f,1629eb01-5621-5f4b-a49c-d9b69fd802c3,sshr_beam,ff1b07e81d71bb593535bb98a98a60866fed9a5ca57e72826e9505c1bfe26883,0a4754fd-bfe1-582b-9693-ed5462cb787a,resource_nmcts[learned:6ba157fb9b55],c84c20115a0fe93b66a4b98f59915b685e858339601976d443b1fc5d67848504,total_gate_count,True,candidate - reference; negative favours candidate,100 * (reference - candidate) / abs(reference); positive favours candidate,8,8,8,8,8,0,6,2,0,235.0,180.5,164.125,139.5,-70.875,-126.88125000000001,-23.996875000000017,-44.0,-195.0,0.0,21.561053122705392,9.611089581463654,33.20640756302521,23.57619625520111,0.0,40.96638655462185,0.0,0.03125,wilcox,6,1.0,1.0,1.0,global across all emitted Wilcoxon hypotheses,125,1.0,False,0.05,{}
mapping,2577a60b-efeb-5683-93fc-007ea0cd77aa,xa202609-hardware-validation-v1,XA-202609 Boolean Oracle hardware validation,xa202609-final-v1,9c355b3e-986f-570f-b981-821c3eda824f,cx_line_12_bidir,a2bc23d2-3da1-5b8b-a0d2-c417541dda9d,cx_line_12_bidir:seed-3,7e7f2dd846b3ac9452489b27d61b752383d6cf346dd2b2f71ce88a5ab869523f,1629eb01-5621-5f4b-a49c-d9b69fd802c3,sshr_beam,ff1b07e81d71bb593535bb98a98a60866fed9a5ca57e72826e9505c1bfe26883,0a4754fd-bfe1-582b-9693-ed5462cb787a,resource_nmcts[learned:6ba157fb9b55],c84c20115a0fe93b66a4b98f59915b685e858339601976d443b1fc5d67848504,two_qubit_depth,True,candidate - reference; negative favours candidate,100 * (reference - candidate) / abs(reference); positive favours candidate,8,8,8,8,8,0,6,2,0,122.0,85.5,86.5,71.5,-35.5,-63.75625,-12.625,-22.5,-62.0,-9.0,23.171747328724074,13.062310129897337,32.44013853970249,27.16216216216216,0.0,37.5968992248062,0.0,0.03125,wilcox,6,1.0,1.0,1.0,global across all emitted Wilcoxon hypotheses,125,1.0,False,0.05,{}
mapping,2577a60b-efeb-5683-93fc-007ea0cd77aa,xa202609-hardware-validation-v1,XA-202609 Boolean Oracle hardware validation,xa202609-final-v1,9c355b3e-986f-570f-b981-821c3eda824f,cx_line_12_bidir,a2bc23d2-3da1-5b8b-a0d2-c417541dda9d,cx_line_12_bidir:seed-3,7e7f2dd846b3ac9452489b27d61b752383d6cf346dd2b2f71ce88a5ab869523f,1629eb01-5621-5f4b-a49c-d9b69fd802c3,sshr_beam,ff1b07e81d71bb593535bb98a98a60866fed9a5ca57e72826e9505c1bfe26883,0a4754fd-bfe1-582b-9693-ed5462cb787a,resource_nmcts[learned:6ba157fb9b55],c84c20115a0fe93b66a4b98f59915b685e858339601976d443b1fc5d67848504,two_qubit_gate_count,True,candidate - reference; negative favours candidate,100 * (reference - candidate) / abs(reference); positive favours candidate,8,8,8,8,8,0,6,2,0,146.0,104.5,102.0,86.0,-44.0,-78.75,-14.734375000000085,-26.5,-78.5,0.0,24.52845761800795,13.186181473100225,34.23719548208562,30.576441102756895,0.0,36.89154898499531,0.0,0.03125,wilcox,6,1.0,1.0,1.0,global across all emitted Wilcoxon hypotheses,125,1.0,False,0.05,{}
mapping,2577a60b-efeb-5683-93fc-007ea0cd77aa,xa202609-hardware-validation-v1,XA-202609 Boolean Oracle hardware validation,xa202609-final-v1,9c355b3e-986f-570f-b981-821c3eda824f,cx_line_12_bidir,a2bc23d2-3da1-5b8b-a0d2-c417541dda9d,cx_line_12_bidir:seed-3,7e7f2dd846b3ac9452489b27d61b752383d6cf346dd2b2f71ce88a5ab869523f,09ecee42-cde2-5166-8c2d-67862d523204,sshr_h,cb99f5ca84b90873c12d35c596d7ff58fca3947302bf491efe8796d89ee54942,0a4754fd-bfe1-582b-9693-ed5462cb787a,resource_nmcts[learned:6ba157fb9b55],c84c20115a0fe93b66a4b98f59915b685e858339601976d443b1fc5d67848504,estimated_error,True,candidate - reference; negative favours candidate,100 * (reference - candidate) / abs(reference); positive favours candidate,8,8,8,0,0,8,0,0,0,,,,,,,,,,,,,,,,,,,wilcox,0,,,,global across all emitted Wilcoxon hypotheses,125,,False,0.05,"{""reference_metric_missing_or_nonfinite"":8}"
mapping,2577a60b-efeb-5683-93fc-007ea0cd77aa,xa202609-hardware-validation-v1,XA-202609 Boolean Oracle hardware validation,xa202609-final-v1,9c355b3e-986f-570f-b981-821c3eda824f,cx_line_12_bidir,a2bc23d2-3da1-5b8b-a0d2-c417541dda9d,cx_line_12_bidir:seed-3,7e7f2dd846b3ac9452489b27d61b752383d6cf346dd2b2f71ce88a5ab869523f,09ecee42-cde2-5166-8c2d-67862d523204,sshr_h,cb99f5ca84b90873c12d35c596d7ff58fca3947302bf491efe8796d89ee54942,0a4754fd-bfe1-582b-9693-ed5462cb787a,resource_nmcts[learned:6ba157fb9b55],c84c20115a0fe93b66a4b98f59915b685e858339601976d443b1fc5d67848504,mapped_depth,True,candidate - reference; negative favours candidate,100 * (reference - candidate) / abs(reference); positive favours candidate,8,8,8,8,8,0,4,2,2,168.5,133.5,127.5,106.5,-41.0,-80.125,-7.5,-25.5,-122.0,6.0,12.95930429355702,-2.086285991199212,27.96143507304016,15.36144578313253,-8.955223880597014,35.88235294117647,3.0,0.15625,wilcox,6,0.7142857142857143,-0.2,1.0,global across all emitted Wilcoxon hypotheses,125,1.0,False,0.05,{}
mapping,2577a60b-efeb-5683-93fc-007ea0cd77aa,xa202609-hardware-validation-v1,XA-202609 Boolean Oracle hardware validation,xa202609-final-v1,9c355b3e-986f-570f-b981-821c3eda824f,cx_line_12_bidir,a2bc23d2-3da1-5b8b-a0d2-c417541dda9d,cx_line_12_bidir:seed-3,7e7f2dd846b3ac9452489b27d61b752383d6cf346dd2b2f71ce88a5ab869523f,09ecee42-cde2-5166-8c2d-67862d523204,sshr_h,cb99f5ca84b90873c12d35c596d7ff58fca3947302bf491efe8796d89ee54942,0a4754fd-bfe1-582b-9693-ed5462cb787a,resource_nmcts[learned:6ba157fb9b55],c84c20115a0fe93b66a4b98f59915b685e858339601976d443b1fc5d67848504,mapping_runtime_s,True,candidate - reference; negative favours candidate,100 * (reference - candidate) / abs(reference); positive favours candidate,8,8,8,8,8,0,5,0,3,0.30278752500021255,0.21808065000004717,0.25300881250007023,0.22479029999976774,-0.04977871250014232,-0.12612221031278353,0.016184134374776695,-0.017436750000342727,-0.12034753499972338,0.03833409999970172,7.149380940017755,-9.319230312481697,22.78853902756184,11.586870716917378,-22.156804829970444,28.881655278328616,13.0,0.546875,wilcox,8,0.2777777777777778,-0.5,0.8888888888888888,global across all emitted Wilcoxon hypotheses,125,1.0,False,0.05,{}
mapping,2577a60b-efeb-5683-93fc-007ea0cd77aa,xa202609-hardware-validation-v1,XA-202609 Boolean Oracle hardware validation,xa202609-final-v1,9c355b3e-986f-570f-b981-821c3eda824f,cx_line_12_bidir,a2bc23d2-3da1-5b8b-a0d2-c417541dda9d,cx_line_12_bidir:seed-3,7e7f2dd846b3ac9452489b27d61b752383d6cf346dd2b2f71ce88a5ab869523f,09ecee42-cde2-5166-8c2d-67862d523204,sshr_h,cb99f5ca84b90873c12d35c596d7ff58fca3947302bf491efe8796d89ee54942,0a4754fd-bfe1-582b-9693-ed5462cb787a,resource_nmcts[learned:6ba157fb9b55],c84c20115a0fe93b66a4b98f59915b685e858339601976d443b1fc5d67848504,native_entangling_count,True,candidate - reference; negative favours candidate,100 * (reference - candidate) / abs(reference); positive favours candidate,8,8,8,8,8,0,6,2,0,136.75,100.5,102.0,86.0,-34.75,-64.01875,-6.375,-14.0,-68.5,0.0,16.997031539888685,7.873928571428572,26.34726345083486,14.922448979591838,0.0,36.36363636363637,0.0,0.03125,wilcox,6,1.0,1.0,1.0,global across all emitted Wilcoxon hypotheses,125,1.0,False,0.05,{}
mapping,2577a60b-efeb-5683-93fc-007ea0cd77aa,xa202609-hardware-validation-v1,XA-202609 Boolean Oracle hardware validation,xa202609-final-v1,9c355b3e-986f-570f-b981-821c3eda824f,cx_line_12_bidir,a2bc23d2-3da1-5b8b-a0d2-c417541dda9d,cx_line_12_bidir:seed-3,7e7f2dd846b3ac9452489b27d61b752383d6cf346dd2b2f71ce88a5ab869523f,09ecee42-cde2-5166-8c2d-67862d523204,sshr_h,cb99f5ca84b90873c12d35c596d7ff58fca3947302bf491efe8796d89ee54942,0a4754fd-bfe1-582b-9693-ed5462cb787a,resource_nmcts[learned:6ba157fb9b55],c84c20115a0fe93b66a4b98f59915b685e858339601976d443b1fc5d67848504,one_qubit_gate_count,True,candidate - reference; negative favours candidate,100 * (reference - candidate) / abs(reference); positive favours candidate,8,8,8,8,8,0,4,2,2,81.25,76.5,62.125,56.5,-19.125,-39.253125,2.006249999999966,-22.0,-51.0,16.0,4.333999958062928,-30.080938551703166,33.37260565521435,17.832167832167833,-55.172413793103445,47.82608695652174,3.0,0.15625,wilcox,6,0.7142857142857143,-0.16749999999999995,1.0,global across all emitted Wilcoxon hypotheses,125,1.0,False,0.05,{}
mapping,2577a60b-efeb-5683-93fc-007ea0cd77aa,xa202609-hardware-validation-v1,XA-202609 Boolean Oracle hardware validation,xa202609-final-v1,9c355b3e-986f-570f-b981-821c3eda824f,cx_line_12_bidir,a2bc23d2-3da1-5b8b-a0d2-c417541dda9d,cx_line_12_bidir:seed-3,7e7f2dd846b3ac9452489b27d61b752383d6cf346dd2b2f71ce88a5ab869523f,09ecee42-cde2-5166-8c2d-67862d523204,sshr_h,cb99f5ca84b90873c12d35c596d7ff58fca3947302bf491efe8796d89ee54942,0a4754fd-bfe1-582b-9693-ed5462cb787a,resource_nmcts[learned:6ba157fb9b55],c84c20115a0fe93b66a4b98f59915b685e858339601976d443b1fc5d67848504,routing_overhead,True,candidate - reference; negative favours candidate,100 * (reference - candidate) / abs(reference); positive favours candidate,8,8,8,8,8,0,2,2,4,1.2983890630442354,1.1912225705329154,1.3515316365316365,1.3888888888888888,0.05314257348740106,-0.22311188811188815,0.3206482815103505,0.08181818181818179,-0.5072727272727273,0.5114942528735633,-4.1279963264159925,-25.814635271395588,18.542300836418484,-4.812834224598929,-32.02138606001644,41.333333333333336,8.0,0.65625,wilcox,6,-0.23809523809523808,-1.0,0.6678571428571364,global across all emitted Wilcoxon hypotheses,125,1.0,False,0.05,{}
mapping,2577a60b-efeb-5683-93fc-007ea0cd77aa,xa202609-hardware-validation-v1,XA-202609 Boolean Oracle hardware validation,xa202609-final-v1,9c355b3e-986f-570f-b981-821c3eda824f,cx_line_12_bidir,a2bc23d2-3da1-5b8b-a0d2-c417541dda9d,cx_line_12_bidir:seed-3,7e7f2dd846b3ac9452489b27d61b752383d6cf346dd2b2f71ce88a5ab869523f,09ecee42-cde2-5166-8c2d-67862d523204,sshr_h,cb99f5ca84b90873c12d35c596d7ff58fca3947302bf491efe8796d89ee54942,0a4754fd-bfe1-582b-9693-ed5462cb787a,resource_nmcts[learned:6ba157fb9b55],c84c20115a0fe93b66a4b98f59915b685e858339601976d443b1fc5d67848504,swap_count,True,candidate - reference; negative favours candidate,100 * (reference - candidate) / abs(reference); positive favours candidate,8,8,8,8,8,0,0,8,0,0.0,0.0,0.0,0.0,0.0,0.0,0.0,0.0,0.0,0.0,0.0,0.0,0.0,0.0,0.0,0.0,0.0,1.0,wilcox,0,0.0,0.0,0.0,global across all emitted Wilcoxon hypotheses,125,1.0,False,0.05,{}
mapping,2577a60b-efeb-5683-93fc-007ea0cd77aa,xa202609-hardware-validation-v1,XA-202609 Boolean Oracle hardware validation,xa202609-final-v1,9c355b3e-986f-570f-b981-821c3eda824f,cx_line_12_bidir,a2bc23d2-3da1-5b8b-a0d2-c417541dda9d,cx_line_12_bidir:seed-3,7e7f2dd846b3ac9452489b27d61b752383d6cf346dd2b2f71ce88a5ab869523f,09ecee42-cde2-5166-8c2d-67862d523204,sshr_h,cb99f5ca84b90873c12d35c596d7ff58fca3947302bf491efe8796d89ee54942,0a4754fd-bfe1-582b-9693-ed5462cb787a,resource_nmcts[learned:6ba157fb9b55],c84c20115a0fe93b66a4b98f59915b685e858339601976d443b1fc5d67848504,total_gate_count,True,candidate - reference; negative favours candidate,100 * (reference - candidate) / abs(reference); positive favours candidate,8,8,8,8,8,0,4,2,2,218.0,177.0,164.125,139.5,-53.875,-104.125,-10.746875000000017,-33.0,-118.04999999999993,10.0,12.669031237579624,-4.1368006993007,27.82273170378009,15.2073732718894,-12.820512820512821,36.13636363636363,3.0,0.15625,wilcox,6,0.7142857142857143,-0.16666666666666666,1.0,global across all emitted Wilcoxon hypotheses,125,1.0,False,0.05,{}
mapping,2577a60b-efeb-5683-93fc-007ea0cd77aa,xa202609-hardware-validation-v1,XA-202609 Boolean Oracle hardware validation,xa202609-final-v1,9c355b3e-986f-570f-b981-821c3eda824f,cx_line_12_bidir,a2bc23d2-3da1-5b8b-a0d2-c417541dda9d,cx_line_12_bidir:seed-3,7e7f2dd846b3ac9452489b27d61b752383d6cf346dd2b2f71ce88a5ab869523f,09ecee42-cde2-5166-8c2d-67862d523204,sshr_h,cb99f5ca84b90873c12d35c596d7ff58fca3947302bf491efe8796d89ee54942,0a4754fd-bfe1-582b-9693-ed5462cb787a,resource_nmcts[learned:6ba157fb9b55],c84c20115a0fe93b66a4b98f59915b685e858339601976d443b1fc5d67848504,two_qubit_depth,True,candidate - reference; negative favours candidate,100 * (reference - candidate) / abs(reference); positive favours candidate,8,8,8,8,8,0,6,2,0,111.5,81.0,86.5,71.5,-25.0,-49.75,-5.746875000000017,-11.0,-48.5,-1.5,14.750150076956755,7.027912621359223,23.293929669198793,13.807982740021576,3.3333333333333335,25.54129260267295,0.0,0.03125,wilcox,6,1.0,1.0,1.0,global across all emitted Wilcoxon hypotheses,125,1.0,False,0.05,{}
mapping,2577a60b-efeb-5683-93fc-007ea0cd77aa,xa202609-hardware-validation-v1,XA-202609 Boolean Oracle hardware validation,xa202609-final-v1,9c355b3e-986f-570f-b981-821c3eda824f,cx_line_12_bidir,a2bc23d2-3da1-5b8b-a0d2-c417541dda9d,cx_line_12_bidir:seed-3,7e7f2dd846b3ac9452489b27d61b752383d6cf346dd2b2f71ce88a5ab869523f,09ecee42-cde2-5166-8c2d-67862d523204,sshr_h,cb99f5ca84b90873c12d35c596d7ff58fca3947302bf491efe8796d89ee54942,0a4754fd-bfe1-582b-9693-ed5462cb787a,resource_nmcts[learned:6ba157fb9b55],c84c20115a0fe93b66a4b98f59915b685e858339601976d443b1fc5d67848504,two_qubit_gate_count,True,candidate - reference; negative favours candidate,100 * (reference - candidate) / abs(reference); positive favours candidate,8,8,8,8,8,0,6,2,0,136.75,100.5,102.0,86.0,-34.75,-64.015625,-7.246875000000017,-14.0,-108.0,0.0,16.997031539888685,8.276066790352505,26.906289424860837,14.922448979591838,5.1020408163265305,36.36363636363637,0.0,0.03125,wilcox,6,1.0,1.0,1.0,global across all emitted Wilcoxon hypotheses,125,1.0,False,0.05,{}
