scope,experiment_id,experiment_slug,experiment_title,suite,target_id,target_name,transpile_spec_id,transpile_spec_name,transpile_spec_hash,reference_method_spec_id,reference_method,reference_method_spec_hash,candidate_method_spec_id,candidate_method,candidate_method_spec_hash,metric,lower_is_better,delta_definition,relative_improvement_definition,n_candidate_keys,n_paired_view_verified_keys,n_base_eligible_pairs,n_pairs,n_relative_defined,n_excluded,win_count,tie_count,loss_count,reference_mean,reference_median,candidate_mean,candidate_median,mean_delta,mean_delta_ci_low,mean_delta_ci_high,median_delta,median_delta_ci_low,median_delta_ci_high,mean_relative_improvement_pct,mean_relative_improvement_pct_ci_low,mean_relative_improvement_pct_ci_high,median_relative_improvement_pct,median_relative_improvement_pct_ci_low,median_relative_improvement_pct_ci_high,wilcoxon_statistic,wilcoxon_p_raw,wilcoxon_zero_method,wilcoxon_nonzero_pairs,rank_biserial,rank_biserial_ci_low,rank_biserial_ci_high,holm_family,holm_family_size,holm_p_adjusted,holm_reject,alpha,exclusion_counts_json
logical,2577a60b-efeb-5683-93fc-007ea0cd77aa,xa202609-hardware-validation-v1,XA-202609 Boolean Oracle hardware validation,xa202609-final-v1,,logical,,,,b2fecb92-ca8e-590e-863f-fbac050aa4e4,neural_mcts[heuristic-only],490cad778a62ff99ef7fb1aef6ca6a4f1ce7d24bca65c9298c0a632653329212,fef5a6ec-e168-522a-b636-50e26d5a425f,neural_mcts[learned:6ba157fb9b55],f1171bd1422ca1cf4c031f00d1d3af87eeeb7fc6843c8eaffbdd3a4634907608,ancilla_count,True,candidate - reference; negative favours candidate,100 * (reference - candidate) / abs(reference); positive favours candidate,9,9,9,9,9,0,0,9,0,1.4444444444444444,1.0,1.4444444444444444,1.0,0.0,0.0,0.0,0.0,0.0,0.0,0.0,0.0,0.0,0.0,0.0,0.0,0.0,1.0,wilcox,0,0.0,0.0,0.0,global across all emitted Wilcoxon hypotheses,102,1.0,False,0.05,{}
logical,2577a60b-efeb-5683-93fc-007ea0cd77aa,xa202609-hardware-validation-v1,XA-202609 Boolean Oracle hardware validation,xa202609-final-v1,,logical,,,,b2fecb92-ca8e-590e-863f-fbac050aa4e4,neural_mcts[heuristic-only],490cad778a62ff99ef7fb1aef6ca6a4f1ce7d24bca65c9298c0a632653329212,fef5a6ec-e168-522a-b636-50e26d5a425f,neural_mcts[learned:6ba157fb9b55],f1171bd1422ca1cf4c031f00d1d3af87eeeb7fc6843c8eaffbdd3a4634907608,cnot_count,True,candidate - reference; negative favours candidate,100 * (reference - candidate) / abs(reference); positive favours candidate,9,9,9,9,9,0,0,9,0,58.22222222222222,20.0,58.22222222222222,20.0,0.0,0.0,0.0,0.0,0.0,0.0,0.0,0.0,0.0,0.0,0.0,0.0,0.0,1.0,wilcox,0,0.0,0.0,0.0,global across all emitted Wilcoxon hypotheses,102,1.0,False,0.05,{}
logical,2577a60b-efeb-5683-93fc-007ea0cd77aa,xa202609-hardware-validation-v1,XA-202609 Boolean Oracle hardware validation,xa202609-final-v1,,logical,,,,b2fecb92-ca8e-590e-863f-fbac050aa4e4,neural_mcts[heuristic-only],490cad778a62ff99ef7fb1aef6ca6a4f1ce7d24bca65c9298c0a632653329212,fef5a6ec-e168-522a-b636-50e26d5a425f,neural_mcts[learned:6ba157fb9b55],f1171bd1422ca1cf4c031f00d1d3af87eeeb7fc6843c8eaffbdd3a4634907608,depth,True,candidate - reference; negative favours candidate,100 * (reference - candidate) / abs(reference); positive favours candidate,9,9,9,9,9,0,0,9,0,58.22222222222222,20.0,58.22222222222222,20.0,0.0,0.0,0.0,0.0,0.0,0.0,0.0,0.0,0.0,0.0,0.0,0.0,0.0,1.0,wilcox,0,0.0,0.0,0.0,global across all emitted Wilcoxon hypotheses,102,1.0,False,0.05,{}
logical,2577a60b-efeb-5683-93fc-007ea0cd77aa,xa202609-hardware-validation-v1,XA-202609 Boolean Oracle hardware validation,xa202609-final-v1,,logical,,,,b2fecb92-ca8e-590e-863f-fbac050aa4e4,neural_mcts[heuristic-only],490cad778a62ff99ef7fb1aef6ca6a4f1ce7d24bca65c9298c0a632653329212,fef5a6ec-e168-522a-b636-50e26d5a425f,neural_mcts[learned:6ba157fb9b55],f1171bd1422ca1cf4c031f00d1d3af87eeeb7fc6843c8eaffbdd3a4634907608,gate_count,True,candidate - reference; negative favours candidate,100 * (reference - candidate) / abs(reference); positive favours candidate,9,9,9,9,9,0,0,9,0,7.888888888888889,2.0,7.888888888888889,2.0,0.0,0.0,0.0,0.0,0.0,0.0,0.0,0.0,0.0,0.0,0.0,0.0,0.0,1.0,wilcox,0,0.0,0.0,0.0,global across all emitted Wilcoxon hypotheses,102,1.0,False,0.05,{}
logical,2577a60b-efeb-5683-93fc-007ea0cd77aa,xa202609-hardware-validation-v1,XA-202609 Boolean Oracle hardware validation,xa202609-final-v1,,logical,,,,b2fecb92-ca8e-590e-863f-fbac050aa4e4,neural_mcts[heuristic-only],490cad778a62ff99ef7fb1aef6ca6a4f1ce7d24bca65c9298c0a632653329212,fef5a6ec-e168-522a-b636-50e26d5a425f,neural_mcts[learned:6ba157fb9b55],f1171bd1422ca1cf4c031f00d1d3af87eeeb7fc6843c8eaffbdd3a4634907608,n_qubits,True,candidate - reference; negative favours candidate,100 * (reference - candidate) / abs(reference); positive favours candidate,9,9,9,9,9,0,0,9,0,6.0,6.0,6.0,6.0,0.0,0.0,0.0,0.0,0.0,0.0,0.0,0.0,0.0,0.0,0.0,0.0,0.0,1.0,wilcox,0,0.0,0.0,0.0,global across all emitted Wilcoxon hypotheses,102,1.0,False,0.05,{}
logical,2577a60b-efeb-5683-93fc-007ea0cd77aa,xa202609-hardware-validation-v1,XA-202609 Boolean Oracle hardware validation,xa202609-final-v1,,logical,,,,b2fecb92-ca8e-590e-863f-fbac050aa4e4,neural_mcts[heuristic-only],490cad778a62ff99ef7fb1aef6ca6a4f1ce7d24bca65c9298c0a632653329212,fef5a6ec-e168-522a-b636-50e26d5a425f,neural_mcts[learned:6ba157fb9b55],f1171bd1422ca1cf4c031f00d1d3af87eeeb7fc6843c8eaffbdd3a4634907608,runtime_s,True,candidate - reference; negative favours candidate,100 * (reference - candidate) / abs(reference); positive favours candidate,9,9,9,9,9,0,0,0,9,0.0074401000000660945,0.000337000000399712,0.05986395555525329,0.004079599999386119,0.0524238555551872,0.0028255958330292846,0.13013983138823731,0.0010765999995783204,5.7999995988211595e-06,0.017053499999747146,-1285.6379598820042,-2792.492411461044,-143.65500439347875,-35.850815839068474,-3647.804149594671,-4.761904441885513,0.0,0.00390625,wilcox,9,-1.0,-1.0,-1.0,global across all emitted Wilcoxon hypotheses,102,0.3984375,False,0.05,{}
logical,2577a60b-efeb-5683-93fc-007ea0cd77aa,xa202609-hardware-validation-v1,XA-202609 Boolean Oracle hardware validation,xa202609-final-v1,,logical,,,,b2fecb92-ca8e-590e-863f-fbac050aa4e4,neural_mcts[heuristic-only],490cad778a62ff99ef7fb1aef6ca6a4f1ce7d24bca65c9298c0a632653329212,fef5a6ec-e168-522a-b636-50e26d5a425f,neural_mcts[learned:6ba157fb9b55],f1171bd1422ca1cf4c031f00d1d3af87eeeb7fc6843c8eaffbdd3a4634907608,t_count,True,candidate - reference; negative favours candidate,100 * (reference - candidate) / abs(reference); positive favours candidate,9,9,9,9,9,0,0,9,0,53.333333333333336,24.0,53.333333333333336,24.0,0.0,0.0,0.0,0.0,0.0,0.0,0.0,0.0,0.0,0.0,0.0,0.0,0.0,1.0,wilcox,0,0.0,0.0,0.0,global across all emitted Wilcoxon hypotheses,102,1.0,False,0.05,{}
logical,2577a60b-efeb-5683-93fc-007ea0cd77aa,xa202609-hardware-validation-v1,XA-202609 Boolean Oracle hardware validation,xa202609-final-v1,,logical,,,,b2fecb92-ca8e-590e-863f-fbac050aa4e4,neural_mcts[heuristic-only],490cad778a62ff99ef7fb1aef6ca6a4f1ce7d24bca65c9298c0a632653329212,fef5a6ec-e168-522a-b636-50e26d5a425f,neural_mcts[learned:6ba157fb9b55],f1171bd1422ca1cf4c031f00d1d3af87eeeb7fc6843c8eaffbdd3a4634907608,weighted_score,True,candidate - reference; negative favours candidate,100 * (reference - candidate) / abs(reference); positive favours candidate,9,9,9,0,0,9,0,0,0,,,,,,,,,,,,,,,,,,,wilcox,0,,,,global across all emitted Wilcoxon hypotheses,102,,False,0.05,"{""reference_metric_missing_or_nonfinite"":9}"
logical,2577a60b-efeb-5683-93fc-007ea0cd77aa,xa202609-hardware-validation-v1,XA-202609 Boolean Oracle hardware validation,xa202609-final-v1,,logical,,,,037c9a69-5e8d-516d-8a0a-5dda863d936b,neural_mcts[random-prior:202609],cd737171b6b1ddcd2a0f41fe036e5bda9ac37bd5927ad0eac5e83394237e07ef,fef5a6ec-e168-522a-b636-50e26d5a425f,neural_mcts[learned:6ba157fb9b55],f1171bd1422ca1cf4c031f00d1d3af87eeeb7fc6843c8eaffbdd3a4634907608,ancilla_count,True,candidate - reference; negative favours candidate,100 * (reference - candidate) / abs(reference); positive favours candidate,9,9,9,9,9,0,0,9,0,1.4444444444444444,1.0,1.4444444444444444,1.0,0.0,0.0,0.0,0.0,0.0,0.0,0.0,0.0,0.0,0.0,0.0,0.0,0.0,1.0,wilcox,0,0.0,0.0,0.0,global across all emitted Wilcoxon hypotheses,102,1.0,False,0.05,{}
logical,2577a60b-efeb-5683-93fc-007ea0cd77aa,xa202609-hardware-validation-v1,XA-202609 Boolean Oracle hardware validation,xa202609-final-v1,,logical,,,,037c9a69-5e8d-516d-8a0a-5dda863d936b,neural_mcts[random-prior:202609],cd737171b6b1ddcd2a0f41fe036e5bda9ac37bd5927ad0eac5e83394237e07ef,fef5a6ec-e168-522a-b636-50e26d5a425f,neural_mcts[learned:6ba157fb9b55],f1171bd1422ca1cf4c031f00d1d3af87eeeb7fc6843c8eaffbdd3a4634907608,cnot_count,True,candidate - reference; negative favours candidate,100 * (reference - candidate) / abs(reference); positive favours candidate,9,9,9,9,9,0,2,7,0,59.77777777777778,20.0,58.22222222222222,20.0,-1.5555555555555556,-3.888888888888889,0.0,0.0,-7.0,0.0,0.8408408408408409,0.0,2.1021021021021022,0.0,0.0,3.7837837837837838,0.0,0.5,wilcox,2,1.0,0.0,1.0,global across all emitted Wilcoxon hypotheses,102,1.0,False,0.05,{}
logical,2577a60b-efeb-5683-93fc-007ea0cd77aa,xa202609-hardware-validation-v1,XA-202609 Boolean Oracle hardware validation,xa202609-final-v1,,logical,,,,037c9a69-5e8d-516d-8a0a-5dda863d936b,neural_mcts[random-prior:202609],cd737171b6b1ddcd2a0f41fe036e5bda9ac37bd5927ad0eac5e83394237e07ef,fef5a6ec-e168-522a-b636-50e26d5a425f,neural_mcts[learned:6ba157fb9b55],f1171bd1422ca1cf4c031f00d1d3af87eeeb7fc6843c8eaffbdd3a4634907608,depth,True,candidate - reference; negative favours candidate,100 * (reference - candidate) / abs(reference); positive favours candidate,9,9,9,9,9,0,2,7,0,59.77777777777778,20.0,58.22222222222222,20.0,-1.5555555555555556,-3.888888888888889,0.0,0.0,-7.0,0.0,0.8408408408408409,0.0,2.1021021021021022,0.0,0.0,3.7837837837837838,0.0,0.5,wilcox,2,1.0,0.0,1.0,global across all emitted Wilcoxon hypotheses,102,1.0,False,0.05,{}
logical,2577a60b-efeb-5683-93fc-007ea0cd77aa,xa202609-hardware-validation-v1,XA-202609 Boolean Oracle hardware validation,xa202609-final-v1,,logical,,,,037c9a69-5e8d-516d-8a0a-5dda863d936b,neural_mcts[random-prior:202609],cd737171b6b1ddcd2a0f41fe036e5bda9ac37bd5927ad0eac5e83394237e07ef,fef5a6ec-e168-522a-b636-50e26d5a425f,neural_mcts[learned:6ba157fb9b55],f1171bd1422ca1cf4c031f00d1d3af87eeeb7fc6843c8eaffbdd3a4634907608,gate_count,True,candidate - reference; negative favours candidate,100 * (reference - candidate) / abs(reference); positive favours candidate,9,9,9,9,9,0,2,7,0,8.333333333333334,2.0,7.888888888888889,2.0,-0.4444444444444444,-1.1111111111111112,0.0,0.0,-2.0,0.0,1.7777777777777777,0.0,4.444444444444445,0.0,0.0,0.0,0.0,0.5,wilcox,2,1.0,0.0,1.0,global across all emitted Wilcoxon hypotheses,102,1.0,False,0.05,{}
logical,2577a60b-efeb-5683-93fc-007ea0cd77aa,xa202609-hardware-validation-v1,XA-202609 Boolean Oracle hardware validation,xa202609-final-v1,,logical,,,,037c9a69-5e8d-516d-8a0a-5dda863d936b,neural_mcts[random-prior:202609],cd737171b6b1ddcd2a0f41fe036e5bda9ac37bd5927ad0eac5e83394237e07ef,fef5a6ec-e168-522a-b636-50e26d5a425f,neural_mcts[learned:6ba157fb9b55],f1171bd1422ca1cf4c031f00d1d3af87eeeb7fc6843c8eaffbdd3a4634907608,n_qubits,True,candidate - reference; negative favours candidate,100 * (reference - candidate) / abs(reference); positive favours candidate,9,9,9,9,9,0,0,9,0,6.0,6.0,6.0,6.0,0.0,0.0,0.0,0.0,0.0,0.0,0.0,0.0,0.0,0.0,0.0,0.0,0.0,1.0,wilcox,0,0.0,0.0,0.0,global across all emitted Wilcoxon hypotheses,102,1.0,False,0.05,{}
logical,2577a60b-efeb-5683-93fc-007ea0cd77aa,xa202609-hardware-validation-v1,XA-202609 Boolean Oracle hardware validation,xa202609-final-v1,,logical,,,,037c9a69-5e8d-516d-8a0a-5dda863d936b,neural_mcts[random-prior:202609],cd737171b6b1ddcd2a0f41fe036e5bda9ac37bd5927ad0eac5e83394237e07ef,fef5a6ec-e168-522a-b636-50e26d5a425f,neural_mcts[learned:6ba157fb9b55],f1171bd1422ca1cf4c031f00d1d3af87eeeb7fc6843c8eaffbdd3a4634907608,runtime_s,True,candidate - reference; negative favours candidate,100 * (reference - candidate) / abs(reference); positive favours candidate,9,9,9,9,9,0,2,0,7,0.04916185555551541,0.0004498999996940256,0.05986395555525329,0.004079599999386119,0.010702099999737888,-0.0037904633336463826,0.030656133888437076,0.00029720000020461157,-1.2000000424450263e-05,0.016871699999683187,-762.715798635144,-1857.8320269012527,-3.20614098770982,-8.78406337288115,-3077.3836478737435,8.595988856031765,11.0,0.203125,wilcox,9,-0.5111111111111111,-1.0,0.24444444444444444,global across all emitted Wilcoxon hypotheses,102,1.0,False,0.05,{}
logical,2577a60b-efeb-5683-93fc-007ea0cd77aa,xa202609-hardware-validation-v1,XA-202609 Boolean Oracle hardware validation,xa202609-final-v1,,logical,,,,037c9a69-5e8d-516d-8a0a-5dda863d936b,neural_mcts[random-prior:202609],cd737171b6b1ddcd2a0f41fe036e5bda9ac37bd5927ad0eac5e83394237e07ef,fef5a6ec-e168-522a-b636-50e26d5a425f,neural_mcts[learned:6ba157fb9b55],f1171bd1422ca1cf4c031f00d1d3af87eeeb7fc6843c8eaffbdd3a4634907608,t_count,True,candidate - reference; negative favours candidate,100 * (reference - candidate) / abs(reference); positive favours candidate,9,9,9,9,9,0,2,7,0,54.22222222222222,24.0,53.333333333333336,24.0,-0.8888888888888888,-2.2222222222222223,0.0,0.0,-4.0,0.0,0.5698005698005698,0.0,1.4245014245014247,0.0,0.0,2.5641025641025643,0.0,0.5,wilcox,2,1.0,0.0,1.0,global across all emitted Wilcoxon hypotheses,102,1.0,False,0.05,{}
logical,2577a60b-efeb-5683-93fc-007ea0cd77aa,xa202609-hardware-validation-v1,XA-202609 Boolean Oracle hardware validation,xa202609-final-v1,,logical,,,,037c9a69-5e8d-516d-8a0a-5dda863d936b,neural_mcts[random-prior:202609],cd737171b6b1ddcd2a0f41fe036e5bda9ac37bd5927ad0eac5e83394237e07ef,fef5a6ec-e168-522a-b636-50e26d5a425f,neural_mcts[learned:6ba157fb9b55],f1171bd1422ca1cf4c031f00d1d3af87eeeb7fc6843c8eaffbdd3a4634907608,weighted_score,True,candidate - reference; negative favours candidate,100 * (reference - candidate) / abs(reference); positive favours candidate,9,9,9,0,0,9,0,0,0,,,,,,,,,,,,,,,,,,,wilcox,0,,,,global across all emitted Wilcoxon hypotheses,102,,False,0.05,"{""reference_metric_missing_or_nonfinite"":9}"
logical,2577a60b-efeb-5683-93fc-007ea0cd77aa,xa202609-hardware-validation-v1,XA-202609 Boolean Oracle hardware validation,xa202609-final-v1,,logical,,,,c86c00cf-bb9b-591a-b042-c61950b1ae81,neural_mcts[uniform-prior],f4a472c2f6999cf836044652a3d548752f1e05e9157886a5fc0db5c8215dfc16,fef5a6ec-e168-522a-b636-50e26d5a425f,neural_mcts[learned:6ba157fb9b55],f1171bd1422ca1cf4c031f00d1d3af87eeeb7fc6843c8eaffbdd3a4634907608,ancilla_count,True,candidate - reference; negative favours candidate,100 * (reference - candidate) / abs(reference); positive favours candidate,9,9,9,9,9,0,0,9,0,1.4444444444444444,1.0,1.4444444444444444,1.0,0.0,0.0,0.0,0.0,0.0,0.0,0.0,0.0,0.0,0.0,0.0,0.0,0.0,1.0,wilcox,0,0.0,0.0,0.0,global across all emitted Wilcoxon hypotheses,102,1.0,False,0.05,{}
logical,2577a60b-efeb-5683-93fc-007ea0cd77aa,xa202609-hardware-validation-v1,XA-202609 Boolean Oracle hardware validation,xa202609-final-v1,,logical,,,,c86c00cf-bb9b-591a-b042-c61950b1ae81,neural_mcts[uniform-prior],f4a472c2f6999cf836044652a3d548752f1e05e9157886a5fc0db5c8215dfc16,fef5a6ec-e168-522a-b636-50e26d5a425f,neural_mcts[learned:6ba157fb9b55],f1171bd1422ca1cf4c031f00d1d3af87eeeb7fc6843c8eaffbdd3a4634907608,cnot_count,True,candidate - reference; negative favours candidate,100 * (reference - candidate) / abs(reference); positive favours candidate,9,9,9,9,9,0,0,9,0,58.22222222222222,20.0,58.22222222222222,20.0,0.0,0.0,0.0,0.0,0.0,0.0,0.0,0.0,0.0,0.0,0.0,0.0,0.0,1.0,wilcox,0,0.0,0.0,0.0,global across all emitted Wilcoxon hypotheses,102,1.0,False,0.05,{}
logical,2577a60b-efeb-5683-93fc-007ea0cd77aa,xa202609-hardware-validation-v1,XA-202609 Boolean Oracle hardware validation,xa202609-final-v1,,logical,,,,c86c00cf-bb9b-591a-b042-c61950b1ae81,neural_mcts[uniform-prior],f4a472c2f6999cf836044652a3d548752f1e05e9157886a5fc0db5c8215dfc16,fef5a6ec-e168-522a-b636-50e26d5a425f,neural_mcts[learned:6ba157fb9b55],f1171bd1422ca1cf4c031f00d1d3af87eeeb7fc6843c8eaffbdd3a4634907608,depth,True,candidate - reference; negative favours candidate,100 * (reference - candidate) / abs(reference); positive favours candidate,9,9,9,9,9,0,0,9,0,58.22222222222222,20.0,58.22222222222222,20.0,0.0,0.0,0.0,0.0,0.0,0.0,0.0,0.0,0.0,0.0,0.0,0.0,0.0,1.0,wilcox,0,0.0,0.0,0.0,global across all emitted Wilcoxon hypotheses,102,1.0,False,0.05,{}
logical,2577a60b-efeb-5683-93fc-007ea0cd77aa,xa202609-hardware-validation-v1,XA-202609 Boolean Oracle hardware validation,xa202609-final-v1,,logical,,,,c86c00cf-bb9b-591a-b042-c61950b1ae81,neural_mcts[uniform-prior],f4a472c2f6999cf836044652a3d548752f1e05e9157886a5fc0db5c8215dfc16,fef5a6ec-e168-522a-b636-50e26d5a425f,neural_mcts[learned:6ba157fb9b55],f1171bd1422ca1cf4c031f00d1d3af87eeeb7fc6843c8eaffbdd3a4634907608,gate_count,True,candidate - reference; negative favours candidate,100 * (reference - candidate) / abs(reference); positive favours candidate,9,9,9,9,9,0,0,9,0,7.888888888888889,2.0,7.888888888888889,2.0,0.0,0.0,0.0,0.0,0.0,0.0,0.0,0.0,0.0,0.0,0.0,0.0,0.0,1.0,wilcox,0,0.0,0.0,0.0,global across all emitted Wilcoxon hypotheses,102,1.0,False,0.05,{}
logical,2577a60b-efeb-5683-93fc-007ea0cd77aa,xa202609-hardware-validation-v1,XA-202609 Boolean Oracle hardware validation,xa202609-final-v1,,logical,,,,c86c00cf-bb9b-591a-b042-c61950b1ae81,neural_mcts[uniform-prior],f4a472c2f6999cf836044652a3d548752f1e05e9157886a5fc0db5c8215dfc16,fef5a6ec-e168-522a-b636-50e26d5a425f,neural_mcts[learned:6ba157fb9b55],f1171bd1422ca1cf4c031f00d1d3af87eeeb7fc6843c8eaffbdd3a4634907608,n_qubits,True,candidate - reference; negative favours candidate,100 * (reference - candidate) / abs(reference); positive favours candidate,9,9,9,9,9,0,0,9,0,6.0,6.0,6.0,6.0,0.0,0.0,0.0,0.0,0.0,0.0,0.0,0.0,0.0,0.0,0.0,0.0,0.0,1.0,wilcox,0,0.0,0.0,0.0,global across all emitted Wilcoxon hypotheses,102,1.0,False,0.05,{}
logical,2577a60b-efeb-5683-93fc-007ea0cd77aa,xa202609-hardware-validation-v1,XA-202609 Boolean Oracle hardware validation,xa202609-final-v1,,logical,,,,c86c00cf-bb9b-591a-b042-c61950b1ae81,neural_mcts[uniform-prior],f4a472c2f6999cf836044652a3d548752f1e05e9157886a5fc0db5c8215dfc16,fef5a6ec-e168-522a-b636-50e26d5a425f,neural_mcts[learned:6ba157fb9b55],f1171bd1422ca1cf4c031f00d1d3af87eeeb7fc6843c8eaffbdd3a4634907608,runtime_s,True,candidate - reference; negative favours candidate,100 * (reference - candidate) / abs(reference); positive favours candidate,9,9,9,9,9,0,2,0,7,0.014108111111252382,0.0005046000005677342,0.05986395555525329,0.004079599999386119,0.04575584444400091,0.002729926388726906,0.11994744194430998,0.0013001999996049562,1.6999993022182025e-06,0.06475420000060694,-817.1644965207272,-1877.8859728689713,-42.98306781848274,-46.779880539228905,-557.007559325645,-0.9454946047919516,5.0,0.0390625,wilcox,9,-0.7777777777777778,-1.0,-0.2,global across all emitted Wilcoxon hypotheses,102,1.0,False,0.05,{}
logical,2577a60b-efeb-5683-93fc-007ea0cd77aa,xa202609-hardware-validation-v1,XA-202609 Boolean Oracle hardware validation,xa202609-final-v1,,logical,,,,c86c00cf-bb9b-591a-b042-c61950b1ae81,neural_mcts[uniform-prior],f4a472c2f6999cf836044652a3d548752f1e05e9157886a5fc0db5c8215dfc16,fef5a6ec-e168-522a-b636-50e26d5a425f,neural_mcts[learned:6ba157fb9b55],f1171bd1422ca1cf4c031f00d1d3af87eeeb7fc6843c8eaffbdd3a4634907608,t_count,True,candidate - reference; negative favours candidate,100 * (reference - candidate) / abs(reference); positive favours candidate,9,9,9,9,9,0,0,9,0,53.333333333333336,24.0,53.333333333333336,24.0,0.0,0.0,0.0,0.0,0.0,0.0,0.0,0.0,0.0,0.0,0.0,0.0,0.0,1.0,wilcox,0,0.0,0.0,0.0,global across all emitted Wilcoxon hypotheses,102,1.0,False,0.05,{}
logical,2577a60b-efeb-5683-93fc-007ea0cd77aa,xa202609-hardware-validation-v1,XA-202609 Boolean Oracle hardware validation,xa202609-final-v1,,logical,,,,c86c00cf-bb9b-591a-b042-c61950b1ae81,neural_mcts[uniform-prior],f4a472c2f6999cf836044652a3d548752f1e05e9157886a5fc0db5c8215dfc16,fef5a6ec-e168-522a-b636-50e26d5a425f,neural_mcts[learned:6ba157fb9b55],f1171bd1422ca1cf4c031f00d1d3af87eeeb7fc6843c8eaffbdd3a4634907608,weighted_score,True,candidate - reference; negative favours candidate,100 * (reference - candidate) / abs(reference); positive favours candidate,9,9,9,0,0,9,0,0,0,,,,,,,,,,,,,,,,,,,wilcox,0,,,,global across all emitted Wilcoxon hypotheses,102,,False,0.05,"{""reference_metric_missing_or_nonfinite"":9}"
mapping,2577a60b-efeb-5683-93fc-007ea0cd77aa,xa202609-hardware-validation-v1,XA-202609 Boolean Oracle hardware validation,xa202609-final-v1,f633c5af-970f-58a0-8281-b231ec72603c,cx_full_12,7711d5ce-7a4e-5a50-8d20-3483691f63d8,cx_full_12:seed-3,3b6804aaf5951efcb3b0dcef80ae368ab611bd4928c7374b4c00bff4d06d7aee,b2fecb92-ca8e-590e-863f-fbac050aa4e4,neural_mcts[heuristic-only],490cad778a62ff99ef7fb1aef6ca6a4f1ce7d24bca65c9298c0a632653329212,fef5a6ec-e168-522a-b636-50e26d5a425f,neural_mcts[learned:6ba157fb9b55],f1171bd1422ca1cf4c031f00d1d3af87eeeb7fc6843c8eaffbdd3a4634907608,estimated_error,True,candidate - reference; negative favours candidate,100 * (reference - candidate) / abs(reference); positive favours candidate,8,8,8,0,0,8,0,0,0,,,,,,,,,,,,,,,,,,,wilcox,0,,,,global across all emitted Wilcoxon hypotheses,102,,False,0.05,"{""reference_metric_missing_or_nonfinite"":8}"
mapping,2577a60b-efeb-5683-93fc-007ea0cd77aa,xa202609-hardware-validation-v1,XA-202609 Boolean Oracle hardware validation,xa202609-final-v1,f633c5af-970f-58a0-8281-b231ec72603c,cx_full_12,7711d5ce-7a4e-5a50-8d20-3483691f63d8,cx_full_12:seed-3,3b6804aaf5951efcb3b0dcef80ae368ab611bd4928c7374b4c00bff4d06d7aee,b2fecb92-ca8e-590e-863f-fbac050aa4e4,neural_mcts[heuristic-only],490cad778a62ff99ef7fb1aef6ca6a4f1ce7d24bca65c9298c0a632653329212,fef5a6ec-e168-522a-b636-50e26d5a425f,neural_mcts[learned:6ba157fb9b55],f1171bd1422ca1cf4c031f00d1d3af87eeeb7fc6843c8eaffbdd3a4634907608,mapped_depth,True,candidate - reference; negative favours candidate,100 * (reference - candidate) / abs(reference); positive favours candidate,8,8,8,8,8,0,0,8,0,128.25,85.0,128.25,85.0,0.0,0.0,0.0,0.0,0.0,0.0,0.0,0.0,0.0,0.0,0.0,0.0,0.0,1.0,wilcox,0,0.0,0.0,0.0,global across all emitted Wilcoxon hypotheses,102,1.0,False,0.05,{}
mapping,2577a60b-efeb-5683-93fc-007ea0cd77aa,xa202609-hardware-validation-v1,XA-202609 Boolean Oracle hardware validation,xa202609-final-v1,f633c5af-970f-58a0-8281-b231ec72603c,cx_full_12,7711d5ce-7a4e-5a50-8d20-3483691f63d8,cx_full_12:seed-3,3b6804aaf5951efcb3b0dcef80ae368ab611bd4928c7374b4c00bff4d06d7aee,b2fecb92-ca8e-590e-863f-fbac050aa4e4,neural_mcts[heuristic-only],490cad778a62ff99ef7fb1aef6ca6a4f1ce7d24bca65c9298c0a632653329212,fef5a6ec-e168-522a-b636-50e26d5a425f,neural_mcts[learned:6ba157fb9b55],f1171bd1422ca1cf4c031f00d1d3af87eeeb7fc6843c8eaffbdd3a4634907608,mapping_runtime_s,True,candidate - reference; negative favours candidate,100 * (reference - candidate) / abs(reference); positive favours candidate,8,8,8,8,8,0,5,0,3,0.2859132499996804,0.17949704999909954,0.2782985500001587,0.17224315000021306,-0.00761469999952169,-0.037296502499168584,0.026711974687648844,-0.017509749999589985,-0.04424329999983456,0.033894200000759156,10.924642608150638,-0.048511601263750315,21.623779393517278,12.098042566664896,-5.545518830467156,28.179823788480615,13.0,0.546875,wilcox,8,0.2777777777777778,-0.5,0.9444444444444444,global across all emitted Wilcoxon hypotheses,102,1.0,False,0.05,{}
mapping,2577a60b-efeb-5683-93fc-007ea0cd77aa,xa202609-hardware-validation-v1,XA-202609 Boolean Oracle hardware validation,xa202609-final-v1,f633c5af-970f-58a0-8281-b231ec72603c,cx_full_12,7711d5ce-7a4e-5a50-8d20-3483691f63d8,cx_full_12:seed-3,3b6804aaf5951efcb3b0dcef80ae368ab611bd4928c7374b4c00bff4d06d7aee,b2fecb92-ca8e-590e-863f-fbac050aa4e4,neural_mcts[heuristic-only],490cad778a62ff99ef7fb1aef6ca6a4f1ce7d24bca65c9298c0a632653329212,fef5a6ec-e168-522a-b636-50e26d5a425f,neural_mcts[learned:6ba157fb9b55],f1171bd1422ca1cf4c031f00d1d3af87eeeb7fc6843c8eaffbdd3a4634907608,native_entangling_count,True,candidate - reference; negative favours candidate,100 * (reference - candidate) / abs(reference); positive favours candidate,8,8,8,8,8,0,0,8,0,70.25,41.5,70.25,41.5,0.0,0.0,0.0,0.0,0.0,0.0,0.0,0.0,0.0,0.0,0.0,0.0,0.0,1.0,wilcox,0,0.0,0.0,0.0,global across all emitted Wilcoxon hypotheses,102,1.0,False,0.05,{}
mapping,2577a60b-efeb-5683-93fc-007ea0cd77aa,xa202609-hardware-validation-v1,XA-202609 Boolean Oracle hardware validation,xa202609-final-v1,f633c5af-970f-58a0-8281-b231ec72603c,cx_full_12,7711d5ce-7a4e-5a50-8d20-3483691f63d8,cx_full_12:seed-3,3b6804aaf5951efcb3b0dcef80ae368ab611bd4928c7374b4c00bff4d06d7aee,b2fecb92-ca8e-590e-863f-fbac050aa4e4,neural_mcts[heuristic-only],490cad778a62ff99ef7fb1aef6ca6a4f1ce7d24bca65c9298c0a632653329212,fef5a6ec-e168-522a-b636-50e26d5a425f,neural_mcts[learned:6ba157fb9b55],f1171bd1422ca1cf4c031f00d1d3af87eeeb7fc6843c8eaffbdd3a4634907608,one_qubit_gate_count,True,candidate - reference; negative favours candidate,100 * (reference - candidate) / abs(reference); positive favours candidate,8,8,8,8,8,0,0,8,0,96.75,65.5,96.75,65.5,0.0,0.0,0.0,0.0,0.0,0.0,0.0,0.0,0.0,0.0,0.0,0.0,0.0,1.0,wilcox,0,0.0,0.0,0.0,global across all emitted Wilcoxon hypotheses,102,1.0,False,0.05,{}
mapping,2577a60b-efeb-5683-93fc-007ea0cd77aa,xa202609-hardware-validation-v1,XA-202609 Boolean Oracle hardware validation,xa202609-final-v1,f633c5af-970f-58a0-8281-b231ec72603c,cx_full_12,7711d5ce-7a4e-5a50-8d20-3483691f63d8,cx_full_12:seed-3,3b6804aaf5951efcb3b0dcef80ae368ab611bd4928c7374b4c00bff4d06d7aee,b2fecb92-ca8e-590e-863f-fbac050aa4e4,neural_mcts[heuristic-only],490cad778a62ff99ef7fb1aef6ca6a4f1ce7d24bca65c9298c0a632653329212,fef5a6ec-e168-522a-b636-50e26d5a425f,neural_mcts[learned:6ba157fb9b55],f1171bd1422ca1cf4c031f00d1d3af87eeeb7fc6843c8eaffbdd3a4634907608,routing_overhead,True,candidate - reference; negative favours candidate,100 * (reference - candidate) / abs(reference); positive favours candidate,8,8,8,8,8,0,0,8,0,0.0,0.0,0.0,0.0,0.0,0.0,0.0,0.0,0.0,0.0,0.0,0.0,0.0,0.0,0.0,0.0,0.0,1.0,wilcox,0,0.0,0.0,0.0,global across all emitted Wilcoxon hypotheses,102,1.0,False,0.05,{}
mapping,2577a60b-efeb-5683-93fc-007ea0cd77aa,xa202609-hardware-validation-v1,XA-202609 Boolean Oracle hardware validation,xa202609-final-v1,f633c5af-970f-58a0-8281-b231ec72603c,cx_full_12,7711d5ce-7a4e-5a50-8d20-3483691f63d8,cx_full_12:seed-3,3b6804aaf5951efcb3b0dcef80ae368ab611bd4928c7374b4c00bff4d06d7aee,b2fecb92-ca8e-590e-863f-fbac050aa4e4,neural_mcts[heuristic-only],490cad778a62ff99ef7fb1aef6ca6a4f1ce7d24bca65c9298c0a632653329212,fef5a6ec-e168-522a-b636-50e26d5a425f,neural_mcts[learned:6ba157fb9b55],f1171bd1422ca1cf4c031f00d1d3af87eeeb7fc6843c8eaffbdd3a4634907608,swap_count,True,candidate - reference; negative favours candidate,100 * (reference - candidate) / abs(reference); positive favours candidate,8,8,8,8,8,0,0,8,0,0.0,0.0,0.0,0.0,0.0,0.0,0.0,0.0,0.0,0.0,0.0,0.0,0.0,0.0,0.0,0.0,0.0,1.0,wilcox,0,0.0,0.0,0.0,global across all emitted Wilcoxon hypotheses,102,1.0,False,0.05,{}
mapping,2577a60b-efeb-5683-93fc-007ea0cd77aa,xa202609-hardware-validation-v1,XA-202609 Boolean Oracle hardware validation,xa202609-final-v1,f633c5af-970f-58a0-8281-b231ec72603c,cx_full_12,7711d5ce-7a4e-5a50-8d20-3483691f63d8,cx_full_12:seed-3,3b6804aaf5951efcb3b0dcef80ae368ab611bd4928c7374b4c00bff4d06d7aee,b2fecb92-ca8e-590e-863f-fbac050aa4e4,neural_mcts[heuristic-only],490cad778a62ff99ef7fb1aef6ca6a4f1ce7d24bca65c9298c0a632653329212,fef5a6ec-e168-522a-b636-50e26d5a425f,neural_mcts[learned:6ba157fb9b55],f1171bd1422ca1cf4c031f00d1d3af87eeeb7fc6843c8eaffbdd3a4634907608,total_gate_count,True,candidate - reference; negative favours candidate,100 * (reference - candidate) / abs(reference); positive favours candidate,8,8,8,8,8,0,0,8,0,167.0,107.0,167.0,107.0,0.0,0.0,0.0,0.0,0.0,0.0,0.0,0.0,0.0,0.0,0.0,0.0,0.0,1.0,wilcox,0,0.0,0.0,0.0,global across all emitted Wilcoxon hypotheses,102,1.0,False,0.05,{}
mapping,2577a60b-efeb-5683-93fc-007ea0cd77aa,xa202609-hardware-validation-v1,XA-202609 Boolean Oracle hardware validation,xa202609-final-v1,f633c5af-970f-58a0-8281-b231ec72603c,cx_full_12,7711d5ce-7a4e-5a50-8d20-3483691f63d8,cx_full_12:seed-3,3b6804aaf5951efcb3b0dcef80ae368ab611bd4928c7374b4c00bff4d06d7aee,b2fecb92-ca8e-590e-863f-fbac050aa4e4,neural_mcts[heuristic-only],490cad778a62ff99ef7fb1aef6ca6a4f1ce7d24bca65c9298c0a632653329212,fef5a6ec-e168-522a-b636-50e26d5a425f,neural_mcts[learned:6ba157fb9b55],f1171bd1422ca1cf4c031f00d1d3af87eeeb7fc6843c8eaffbdd3a4634907608,two_qubit_depth,True,candidate - reference; negative favours candidate,100 * (reference - candidate) / abs(reference); positive favours candidate,8,8,8,8,8,0,0,8,0,63.75,39.5,63.75,39.5,0.0,0.0,0.0,0.0,0.0,0.0,0.0,0.0,0.0,0.0,0.0,0.0,0.0,1.0,wilcox,0,0.0,0.0,0.0,global across all emitted Wilcoxon hypotheses,102,1.0,False,0.05,{}
mapping,2577a60b-efeb-5683-93fc-007ea0cd77aa,xa202609-hardware-validation-v1,XA-202609 Boolean Oracle hardware validation,xa202609-final-v1,f633c5af-970f-58a0-8281-b231ec72603c,cx_full_12,7711d5ce-7a4e-5a50-8d20-3483691f63d8,cx_full_12:seed-3,3b6804aaf5951efcb3b0dcef80ae368ab611bd4928c7374b4c00bff4d06d7aee,b2fecb92-ca8e-590e-863f-fbac050aa4e4,neural_mcts[heuristic-only],490cad778a62ff99ef7fb1aef6ca6a4f1ce7d24bca65c9298c0a632653329212,fef5a6ec-e168-522a-b636-50e26d5a425f,neural_mcts[learned:6ba157fb9b55],f1171bd1422ca1cf4c031f00d1d3af87eeeb7fc6843c8eaffbdd3a4634907608,two_qubit_gate_count,True,candidate - reference; negative favours candidate,100 * (reference - candidate) / abs(reference); positive favours candidate,8,8,8,8,8,0,0,8,0,70.25,41.5,70.25,41.5,0.0,0.0,0.0,0.0,0.0,0.0,0.0,0.0,0.0,0.0,0.0,0.0,0.0,1.0,wilcox,0,0.0,0.0,0.0,global across all emitted Wilcoxon hypotheses,102,1.0,False,0.05,{}
mapping,2577a60b-efeb-5683-93fc-007ea0cd77aa,xa202609-hardware-validation-v1,XA-202609 Boolean Oracle hardware validation,xa202609-final-v1,f633c5af-970f-58a0-8281-b231ec72603c,cx_full_12,7711d5ce-7a4e-5a50-8d20-3483691f63d8,cx_full_12:seed-3,3b6804aaf5951efcb3b0dcef80ae368ab611bd4928c7374b4c00bff4d06d7aee,037c9a69-5e8d-516d-8a0a-5dda863d936b,neural_mcts[random-prior:202609],cd737171b6b1ddcd2a0f41fe036e5bda9ac37bd5927ad0eac5e83394237e07ef,fef5a6ec-e168-522a-b636-50e26d5a425f,neural_mcts[learned:6ba157fb9b55],f1171bd1422ca1cf4c031f00d1d3af87eeeb7fc6843c8eaffbdd3a4634907608,estimated_error,True,candidate - reference; negative favours candidate,100 * (reference - candidate) / abs(reference); positive favours candidate,8,8,8,0,0,8,0,0,0,,,,,,,,,,,,,,,,,,,wilcox,0,,,,global across all emitted Wilcoxon hypotheses,102,,False,0.05,"{""reference_metric_missing_or_nonfinite"":8}"
mapping,2577a60b-efeb-5683-93fc-007ea0cd77aa,xa202609-hardware-validation-v1,XA-202609 Boolean Oracle hardware validation,xa202609-final-v1,f633c5af-970f-58a0-8281-b231ec72603c,cx_full_12,7711d5ce-7a4e-5a50-8d20-3483691f63d8,cx_full_12:seed-3,3b6804aaf5951efcb3b0dcef80ae368ab611bd4928c7374b4c00bff4d06d7aee,037c9a69-5e8d-516d-8a0a-5dda863d936b,neural_mcts[random-prior:202609],cd737171b6b1ddcd2a0f41fe036e5bda9ac37bd5927ad0eac5e83394237e07ef,fef5a6ec-e168-522a-b636-50e26d5a425f,neural_mcts[learned:6ba157fb9b55],f1171bd1422ca1cf4c031f00d1d3af87eeeb7fc6843c8eaffbdd3a4634907608,mapped_depth,True,candidate - reference; negative favours candidate,100 * (reference - candidate) / abs(reference); positive favours candidate,8,8,8,8,8,0,2,6,0,129.75,85.0,128.25,85.0,-1.5,-3.75,0.0,0.0,-3.0,0.0,0.48859934853420195,0.0,1.221498371335505,0.0,0.0,0.9771986970684039,0.0,0.5,wilcox,2,1.0,0.0,1.0,global across all emitted Wilcoxon hypotheses,102,1.0,False,0.05,{}
mapping,2577a60b-efeb-5683-93fc-007ea0cd77aa,xa202609-hardware-validation-v1,XA-202609 Boolean Oracle hardware validation,xa202609-final-v1,f633c5af-970f-58a0-8281-b231ec72603c,cx_full_12,7711d5ce-7a4e-5a50-8d20-3483691f63d8,cx_full_12:seed-3,3b6804aaf5951efcb3b0dcef80ae368ab611bd4928c7374b4c00bff4d06d7aee,037c9a69-5e8d-516d-8a0a-5dda863d936b,neural_mcts[random-prior:202609],cd737171b6b1ddcd2a0f41fe036e5bda9ac37bd5927ad0eac5e83394237e07ef,fef5a6ec-e168-522a-b636-50e26d5a425f,neural_mcts[learned:6ba157fb9b55],f1171bd1422ca1cf4c031f00d1d3af87eeeb7fc6843c8eaffbdd3a4634907608,mapping_runtime_s,True,candidate - reference; negative favours candidate,100 * (reference - candidate) / abs(reference); positive favours candidate,8,8,8,8,8,0,5,0,3,0.28921246250024524,0.18163065000044298,0.2782985500001587,0.17224315000021306,-0.010913912500086553,-0.028107216250219835,0.00040720093775519053,-0.0027102999997623556,-0.021578800000497722,0.0028038000000378815,2.18627075827663,-1.2611171103365075,5.817341490492395,1.5379723216447614,-2.1173699514351743,7.671650238985689,9.0,0.25,wilcox,8,0.5,-0.2777777777777778,0.9444444444444444,global across all emitted Wilcoxon hypotheses,102,1.0,False,0.05,{}
mapping,2577a60b-efeb-5683-93fc-007ea0cd77aa,xa202609-hardware-validation-v1,XA-202609 Boolean Oracle hardware validation,xa202609-final-v1,f633c5af-970f-58a0-8281-b231ec72603c,cx_full_12,7711d5ce-7a4e-5a50-8d20-3483691f63d8,cx_full_12:seed-3,3b6804aaf5951efcb3b0dcef80ae368ab611bd4928c7374b4c00bff4d06d7aee,037c9a69-5e8d-516d-8a0a-5dda863d936b,neural_mcts[random-prior:202609],cd737171b6b1ddcd2a0f41fe036e5bda9ac37bd5927ad0eac5e83394237e07ef,fef5a6ec-e168-522a-b636-50e26d5a425f,neural_mcts[learned:6ba157fb9b55],f1171bd1422ca1cf4c031f00d1d3af87eeeb7fc6843c8eaffbdd3a4634907608,native_entangling_count,True,candidate - reference; negative favours candidate,100 * (reference - candidate) / abs(reference); positive favours candidate,8,8,8,8,8,0,2,6,0,72.0,41.5,70.25,41.5,-1.75,-4.375,0.0,0.0,-3.5,0.0,0.9459459459459459,0.0,2.364864864864865,0.0,0.0,3.7837837837837838,0.0,0.5,wilcox,2,1.0,0.0,1.0,global across all emitted Wilcoxon hypotheses,102,1.0,False,0.05,{}
mapping,2577a60b-efeb-5683-93fc-007ea0cd77aa,xa202609-hardware-validation-v1,XA-202609 Boolean Oracle hardware validation,xa202609-final-v1,f633c5af-970f-58a0-8281-b231ec72603c,cx_full_12,7711d5ce-7a4e-5a50-8d20-3483691f63d8,cx_full_12:seed-3,3b6804aaf5951efcb3b0dcef80ae368ab611bd4928c7374b4c00bff4d06d7aee,037c9a69-5e8d-516d-8a0a-5dda863d936b,neural_mcts[random-prior:202609],cd737171b6b1ddcd2a0f41fe036e5bda9ac37bd5927ad0eac5e83394237e07ef,fef5a6ec-e168-522a-b636-50e26d5a425f,neural_mcts[learned:6ba157fb9b55],f1171bd1422ca1cf4c031f00d1d3af87eeeb7fc6843c8eaffbdd3a4634907608,one_qubit_gate_count,True,candidate - reference; negative favours candidate,100 * (reference - candidate) / abs(reference); positive favours candidate,8,8,8,8,8,0,2,6,0,99.75,65.5,96.75,65.5,-3.0,-7.5,0.0,0.0,-12.0,0.0,1.2448132780082988,0.0,3.112033195020747,0.0,0.0,4.979253112033195,0.0,0.5,wilcox,2,1.0,0.0,1.0,global across all emitted Wilcoxon hypotheses,102,1.0,False,0.05,{}
mapping,2577a60b-efeb-5683-93fc-007ea0cd77aa,xa202609-hardware-validation-v1,XA-202609 Boolean Oracle hardware validation,xa202609-final-v1,f633c5af-970f-58a0-8281-b231ec72603c,cx_full_12,7711d5ce-7a4e-5a50-8d20-3483691f63d8,cx_full_12:seed-3,3b6804aaf5951efcb3b0dcef80ae368ab611bd4928c7374b4c00bff4d06d7aee,037c9a69-5e8d-516d-8a0a-5dda863d936b,neural_mcts[random-prior:202609],cd737171b6b1ddcd2a0f41fe036e5bda9ac37bd5927ad0eac5e83394237e07ef,fef5a6ec-e168-522a-b636-50e26d5a425f,neural_mcts[learned:6ba157fb9b55],f1171bd1422ca1cf4c031f00d1d3af87eeeb7fc6843c8eaffbdd3a4634907608,routing_overhead,True,candidate - reference; negative favours candidate,100 * (reference - candidate) / abs(reference); positive favours candidate,8,8,8,8,8,0,0,8,0,0.0,0.0,0.0,0.0,0.0,0.0,0.0,0.0,0.0,0.0,0.0,0.0,0.0,0.0,0.0,0.0,0.0,1.0,wilcox,0,0.0,0.0,0.0,global across all emitted Wilcoxon hypotheses,102,1.0,False,0.05,{}
mapping,2577a60b-efeb-5683-93fc-007ea0cd77aa,xa202609-hardware-validation-v1,XA-202609 Boolean Oracle hardware validation,xa202609-final-v1,f633c5af-970f-58a0-8281-b231ec72603c,cx_full_12,7711d5ce-7a4e-5a50-8d20-3483691f63d8,cx_full_12:seed-3,3b6804aaf5951efcb3b0dcef80ae368ab611bd4928c7374b4c00bff4d06d7aee,037c9a69-5e8d-516d-8a0a-5dda863d936b,neural_mcts[random-prior:202609],cd737171b6b1ddcd2a0f41fe036e5bda9ac37bd5927ad0eac5e83394237e07ef,fef5a6ec-e168-522a-b636-50e26d5a425f,neural_mcts[learned:6ba157fb9b55],f1171bd1422ca1cf4c031f00d1d3af87eeeb7fc6843c8eaffbdd3a4634907608,swap_count,True,candidate - reference; negative favours candidate,100 * (reference - candidate) / abs(reference); positive favours candidate,8,8,8,8,8,0,0,8,0,0.0,0.0,0.0,0.0,0.0,0.0,0.0,0.0,0.0,0.0,0.0,0.0,0.0,0.0,0.0,0.0,0.0,1.0,wilcox,0,0.0,0.0,0.0,global across all emitted Wilcoxon hypotheses,102,1.0,False,0.05,{}
mapping,2577a60b-efeb-5683-93fc-007ea0cd77aa,xa202609-hardware-validation-v1,XA-202609 Boolean Oracle hardware validation,xa202609-final-v1,f633c5af-970f-58a0-8281-b231ec72603c,cx_full_12,7711d5ce-7a4e-5a50-8d20-3483691f63d8,cx_full_12:seed-3,3b6804aaf5951efcb3b0dcef80ae368ab611bd4928c7374b4c00bff4d06d7aee,037c9a69-5e8d-516d-8a0a-5dda863d936b,neural_mcts[random-prior:202609],cd737171b6b1ddcd2a0f41fe036e5bda9ac37bd5927ad0eac5e83394237e07ef,fef5a6ec-e168-522a-b636-50e26d5a425f,neural_mcts[learned:6ba157fb9b55],f1171bd1422ca1cf4c031f00d1d3af87eeeb7fc6843c8eaffbdd3a4634907608,total_gate_count,True,candidate - reference; negative favours candidate,100 * (reference - candidate) / abs(reference); positive favours candidate,8,8,8,8,8,0,2,6,0,171.75,107.0,167.0,107.0,-4.75,-9.5,0.0,0.0,-9.5,0.0,1.1150234741784038,0.0,2.2300469483568075,0.0,0.0,2.2300469483568075,0.0,0.5,wilcox,2,1.0,0.0,1.0,global across all emitted Wilcoxon hypotheses,102,1.0,False,0.05,{}
mapping,2577a60b-efeb-5683-93fc-007ea0cd77aa,xa202609-hardware-validation-v1,XA-202609 Boolean Oracle hardware validation,xa202609-final-v1,f633c5af-970f-58a0-8281-b231ec72603c,cx_full_12,7711d5ce-7a4e-5a50-8d20-3483691f63d8,cx_full_12:seed-3,3b6804aaf5951efcb3b0dcef80ae368ab611bd4928c7374b4c00bff4d06d7aee,037c9a69-5e8d-516d-8a0a-5dda863d936b,neural_mcts[random-prior:202609],cd737171b6b1ddcd2a0f41fe036e5bda9ac37bd5927ad0eac5e83394237e07ef,fef5a6ec-e168-522a-b636-50e26d5a425f,neural_mcts[learned:6ba157fb9b55],f1171bd1422ca1cf4c031f00d1d3af87eeeb7fc6843c8eaffbdd3a4634907608,two_qubit_depth,True,candidate - reference; negative favours candidate,100 * (reference - candidate) / abs(reference); positive favours candidate,8,8,8,8,8,0,2,6,0,64.25,39.5,63.75,39.5,-0.5,-1.0062499999999996,0.0,0.0,-2.0,0.0,0.31645569620253167,0.0,0.7911392405063291,0.0,0.0,0.6329113924050633,0.0,0.5,wilcox,2,1.0,0.0,1.0,global across all emitted Wilcoxon hypotheses,102,1.0,False,0.05,{}
mapping,2577a60b-efeb-5683-93fc-007ea0cd77aa,xa202609-hardware-validation-v1,XA-202609 Boolean Oracle hardware validation,xa202609-final-v1,f633c5af-970f-58a0-8281-b231ec72603c,cx_full_12,7711d5ce-7a4e-5a50-8d20-3483691f63d8,cx_full_12:seed-3,3b6804aaf5951efcb3b0dcef80ae368ab611bd4928c7374b4c00bff4d06d7aee,037c9a69-5e8d-516d-8a0a-5dda863d936b,neural_mcts[random-prior:202609],cd737171b6b1ddcd2a0f41fe036e5bda9ac37bd5927ad0eac5e83394237e07ef,fef5a6ec-e168-522a-b636-50e26d5a425f,neural_mcts[learned:6ba157fb9b55],f1171bd1422ca1cf4c031f00d1d3af87eeeb7fc6843c8eaffbdd3a4634907608,two_qubit_gate_count,True,candidate - reference; negative favours candidate,100 * (reference - candidate) / abs(reference); positive favours candidate,8,8,8,8,8,0,2,6,0,72.0,41.5,70.25,41.5,-1.75,-3.5,0.0,0.0,-7.0,0.0,0.9459459459459459,0.0,2.364864864864865,0.0,0.0,3.7837837837837838,0.0,0.5,wilcox,2,1.0,0.0,1.0,global across all emitted Wilcoxon hypotheses,102,1.0,False,0.05,{}
mapping,2577a60b-efeb-5683-93fc-007ea0cd77aa,xa202609-hardware-validation-v1,XA-202609 Boolean Oracle hardware validation,xa202609-final-v1,f633c5af-970f-58a0-8281-b231ec72603c,cx_full_12,7711d5ce-7a4e-5a50-8d20-3483691f63d8,cx_full_12:seed-3,3b6804aaf5951efcb3b0dcef80ae368ab611bd4928c7374b4c00bff4d06d7aee,c86c00cf-bb9b-591a-b042-c61950b1ae81,neural_mcts[uniform-prior],f4a472c2f6999cf836044652a3d548752f1e05e9157886a5fc0db5c8215dfc16,fef5a6ec-e168-522a-b636-50e26d5a425f,neural_mcts[learned:6ba157fb9b55],f1171bd1422ca1cf4c031f00d1d3af87eeeb7fc6843c8eaffbdd3a4634907608,estimated_error,True,candidate - reference; negative favours candidate,100 * (reference - candidate) / abs(reference); positive favours candidate,8,8,8,0,0,8,0,0,0,,,,,,,,,,,,,,,,,,,wilcox,0,,,,global across all emitted Wilcoxon hypotheses,102,,False,0.05,"{""reference_metric_missing_or_nonfinite"":8}"
mapping,2577a60b-efeb-5683-93fc-007ea0cd77aa,xa202609-hardware-validation-v1,XA-202609 Boolean Oracle hardware validation,xa202609-final-v1,f633c5af-970f-58a0-8281-b231ec72603c,cx_full_12,7711d5ce-7a4e-5a50-8d20-3483691f63d8,cx_full_12:seed-3,3b6804aaf5951efcb3b0dcef80ae368ab611bd4928c7374b4c00bff4d06d7aee,c86c00cf-bb9b-591a-b042-c61950b1ae81,neural_mcts[uniform-prior],f4a472c2f6999cf836044652a3d548752f1e05e9157886a5fc0db5c8215dfc16,fef5a6ec-e168-522a-b636-50e26d5a425f,neural_mcts[learned:6ba157fb9b55],f1171bd1422ca1cf4c031f00d1d3af87eeeb7fc6843c8eaffbdd3a4634907608,mapped_depth,True,candidate - reference; negative favours candidate,100 * (reference - candidate) / abs(reference); positive favours candidate,8,8,8,8,8,0,0,8,0,128.25,85.0,128.25,85.0,0.0,0.0,0.0,0.0,0.0,0.0,0.0,0.0,0.0,0.0,0.0,0.0,0.0,1.0,wilcox,0,0.0,0.0,0.0,global across all emitted Wilcoxon hypotheses,102,1.0,False,0.05,{}
mapping,2577a60b-efeb-5683-93fc-007ea0cd77aa,xa202609-hardware-validation-v1,XA-202609 Boolean Oracle hardware validation,xa202609-final-v1,f633c5af-970f-58a0-8281-b231ec72603c,cx_full_12,7711d5ce-7a4e-5a50-8d20-3483691f63d8,cx_full_12:seed-3,3b6804aaf5951efcb3b0dcef80ae368ab611bd4928c7374b4c00bff4d06d7aee,c86c00cf-bb9b-591a-b042-c61950b1ae81,neural_mcts[uniform-prior],f4a472c2f6999cf836044652a3d548752f1e05e9157886a5fc0db5c8215dfc16,fef5a6ec-e168-522a-b636-50e26d5a425f,neural_mcts[learned:6ba157fb9b55],f1171bd1422ca1cf4c031f00d1d3af87eeeb7fc6843c8eaffbdd3a4634907608,mapping_runtime_s,True,candidate - reference; negative favours candidate,100 * (reference - candidate) / abs(reference); positive favours candidate,8,8,8,8,8,0,4,0,4,0.2828863999997111,0.1786618000000999,0.2782985500001587,0.17224315000021306,-0.004587849999552418,-0.03373991406216703,0.0284598000005161,-0.007759700000406156,-0.04007339999952819,0.030783200000769284,8.660017945087821,-1.328860752442293,19.60221067237616,4.120588528966939,-5.011013968952923,28.334461100219215,16.0,0.84375,wilcox,8,0.1111111111111111,-0.7222222222222222,0.8347222222222146,global across all emitted Wilcoxon hypotheses,102,1.0,False,0.05,{}
mapping,2577a60b-efeb-5683-93fc-007ea0cd77aa,xa202609-hardware-validation-v1,XA-202609 Boolean Oracle hardware validation,xa202609-final-v1,f633c5af-970f-58a0-8281-b231ec72603c,cx_full_12,7711d5ce-7a4e-5a50-8d20-3483691f63d8,cx_full_12:seed-3,3b6804aaf5951efcb3b0dcef80ae368ab611bd4928c7374b4c00bff4d06d7aee,c86c00cf-bb9b-591a-b042-c61950b1ae81,neural_mcts[uniform-prior],f4a472c2f6999cf836044652a3d548752f1e05e9157886a5fc0db5c8215dfc16,fef5a6ec-e168-522a-b636-50e26d5a425f,neural_mcts[learned:6ba157fb9b55],f1171bd1422ca1cf4c031f00d1d3af87eeeb7fc6843c8eaffbdd3a4634907608,native_entangling_count,True,candidate - reference; negative favours candidate,100 * (reference - candidate) / abs(reference); positive favours candidate,8,8,8,8,8,0,0,8,0,70.25,41.5,70.25,41.5,0.0,0.0,0.0,0.0,0.0,0.0,0.0,0.0,0.0,0.0,0.0,0.0,0.0,1.0,wilcox,0,0.0,0.0,0.0,global across all emitted Wilcoxon hypotheses,102,1.0,False,0.05,{}
mapping,2577a60b-efeb-5683-93fc-007ea0cd77aa,xa202609-hardware-validation-v1,XA-202609 Boolean Oracle hardware validation,xa202609-final-v1,f633c5af-970f-58a0-8281-b231ec72603c,cx_full_12,7711d5ce-7a4e-5a50-8d20-3483691f63d8,cx_full_12:seed-3,3b6804aaf5951efcb3b0dcef80ae368ab611bd4928c7374b4c00bff4d06d7aee,c86c00cf-bb9b-591a-b042-c61950b1ae81,neural_mcts[uniform-prior],f4a472c2f6999cf836044652a3d548752f1e05e9157886a5fc0db5c8215dfc16,fef5a6ec-e168-522a-b636-50e26d5a425f,neural_mcts[learned:6ba157fb9b55],f1171bd1422ca1cf4c031f00d1d3af87eeeb7fc6843c8eaffbdd3a4634907608,one_qubit_gate_count,True,candidate - reference; negative favours candidate,100 * (reference - candidate) / abs(reference); positive favours candidate,8,8,8,8,8,0,0,8,0,96.75,65.5,96.75,65.5,0.0,0.0,0.0,0.0,0.0,0.0,0.0,0.0,0.0,0.0,0.0,0.0,0.0,1.0,wilcox,0,0.0,0.0,0.0,global across all emitted Wilcoxon hypotheses,102,1.0,False,0.05,{}
mapping,2577a60b-efeb-5683-93fc-007ea0cd77aa,xa202609-hardware-validation-v1,XA-202609 Boolean Oracle hardware validation,xa202609-final-v1,f633c5af-970f-58a0-8281-b231ec72603c,cx_full_12,7711d5ce-7a4e-5a50-8d20-3483691f63d8,cx_full_12:seed-3,3b6804aaf5951efcb3b0dcef80ae368ab611bd4928c7374b4c00bff4d06d7aee,c86c00cf-bb9b-591a-b042-c61950b1ae81,neural_mcts[uniform-prior],f4a472c2f6999cf836044652a3d548752f1e05e9157886a5fc0db5c8215dfc16,fef5a6ec-e168-522a-b636-50e26d5a425f,neural_mcts[learned:6ba157fb9b55],f1171bd1422ca1cf4c031f00d1d3af87eeeb7fc6843c8eaffbdd3a4634907608,routing_overhead,True,candidate - reference; negative favours candidate,100 * (reference - candidate) / abs(reference); positive favours candidate,8,8,8,8,8,0,0,8,0,0.0,0.0,0.0,0.0,0.0,0.0,0.0,0.0,0.0,0.0,0.0,0.0,0.0,0.0,0.0,0.0,0.0,1.0,wilcox,0,0.0,0.0,0.0,global across all emitted Wilcoxon hypotheses,102,1.0,False,0.05,{}
mapping,2577a60b-efeb-5683-93fc-007ea0cd77aa,xa202609-hardware-validation-v1,XA-202609 Boolean Oracle hardware validation,xa202609-final-v1,f633c5af-970f-58a0-8281-b231ec72603c,cx_full_12,7711d5ce-7a4e-5a50-8d20-3483691f63d8,cx_full_12:seed-3,3b6804aaf5951efcb3b0dcef80ae368ab611bd4928c7374b4c00bff4d06d7aee,c86c00cf-bb9b-591a-b042-c61950b1ae81,neural_mcts[uniform-prior],f4a472c2f6999cf836044652a3d548752f1e05e9157886a5fc0db5c8215dfc16,fef5a6ec-e168-522a-b636-50e26d5a425f,neural_mcts[learned:6ba157fb9b55],f1171bd1422ca1cf4c031f00d1d3af87eeeb7fc6843c8eaffbdd3a4634907608,swap_count,True,candidate - reference; negative favours candidate,100 * (reference - candidate) / abs(reference); positive favours candidate,8,8,8,8,8,0,0,8,0,0.0,0.0,0.0,0.0,0.0,0.0,0.0,0.0,0.0,0.0,0.0,0.0,0.0,0.0,0.0,0.0,0.0,1.0,wilcox,0,0.0,0.0,0.0,global across all emitted Wilcoxon hypotheses,102,1.0,False,0.05,{}
mapping,2577a60b-efeb-5683-93fc-007ea0cd77aa,xa202609-hardware-validation-v1,XA-202609 Boolean Oracle hardware validation,xa202609-final-v1,f633c5af-970f-58a0-8281-b231ec72603c,cx_full_12,7711d5ce-7a4e-5a50-8d20-3483691f63d8,cx_full_12:seed-3,3b6804aaf5951efcb3b0dcef80ae368ab611bd4928c7374b4c00bff4d06d7aee,c86c00cf-bb9b-591a-b042-c61950b1ae81,neural_mcts[uniform-prior],f4a472c2f6999cf836044652a3d548752f1e05e9157886a5fc0db5c8215dfc16,fef5a6ec-e168-522a-b636-50e26d5a425f,neural_mcts[learned:6ba157fb9b55],f1171bd1422ca1cf4c031f00d1d3af87eeeb7fc6843c8eaffbdd3a4634907608,total_gate_count,True,candidate - reference; negative favours candidate,100 * (reference - candidate) / abs(reference); positive favours candidate,8,8,8,8,8,0,0,8,0,167.0,107.0,167.0,107.0,0.0,0.0,0.0,0.0,0.0,0.0,0.0,0.0,0.0,0.0,0.0,0.0,0.0,1.0,wilcox,0,0.0,0.0,0.0,global across all emitted Wilcoxon hypotheses,102,1.0,False,0.05,{}
mapping,2577a60b-efeb-5683-93fc-007ea0cd77aa,xa202609-hardware-validation-v1,XA-202609 Boolean Oracle hardware validation,xa202609-final-v1,f633c5af-970f-58a0-8281-b231ec72603c,cx_full_12,7711d5ce-7a4e-5a50-8d20-3483691f63d8,cx_full_12:seed-3,3b6804aaf5951efcb3b0dcef80ae368ab611bd4928c7374b4c00bff4d06d7aee,c86c00cf-bb9b-591a-b042-c61950b1ae81,neural_mcts[uniform-prior],f4a472c2f6999cf836044652a3d548752f1e05e9157886a5fc0db5c8215dfc16,fef5a6ec-e168-522a-b636-50e26d5a425f,neural_mcts[learned:6ba157fb9b55],f1171bd1422ca1cf4c031f00d1d3af87eeeb7fc6843c8eaffbdd3a4634907608,two_qubit_depth,True,candidate - reference; negative favours candidate,100 * (reference - candidate) / abs(reference); positive favours candidate,8,8,8,8,8,0,0,8,0,63.75,39.5,63.75,39.5,0.0,0.0,0.0,0.0,0.0,0.0,0.0,0.0,0.0,0.0,0.0,0.0,0.0,1.0,wilcox,0,0.0,0.0,0.0,global across all emitted Wilcoxon hypotheses,102,1.0,False,0.05,{}
mapping,2577a60b-efeb-5683-93fc-007ea0cd77aa,xa202609-hardware-validation-v1,XA-202609 Boolean Oracle hardware validation,xa202609-final-v1,f633c5af-970f-58a0-8281-b231ec72603c,cx_full_12,7711d5ce-7a4e-5a50-8d20-3483691f63d8,cx_full_12:seed-3,3b6804aaf5951efcb3b0dcef80ae368ab611bd4928c7374b4c00bff4d06d7aee,c86c00cf-bb9b-591a-b042-c61950b1ae81,neural_mcts[uniform-prior],f4a472c2f6999cf836044652a3d548752f1e05e9157886a5fc0db5c8215dfc16,fef5a6ec-e168-522a-b636-50e26d5a425f,neural_mcts[learned:6ba157fb9b55],f1171bd1422ca1cf4c031f00d1d3af87eeeb7fc6843c8eaffbdd3a4634907608,two_qubit_gate_count,True,candidate - reference; negative favours candidate,100 * (reference - candidate) / abs(reference); positive favours candidate,8,8,8,8,8,0,0,8,0,70.25,41.5,70.25,41.5,0.0,0.0,0.0,0.0,0.0,0.0,0.0,0.0,0.0,0.0,0.0,0.0,0.0,1.0,wilcox,0,0.0,0.0,0.0,global across all emitted Wilcoxon hypotheses,102,1.0,False,0.05,{}
mapping,2577a60b-efeb-5683-93fc-007ea0cd77aa,xa202609-hardware-validation-v1,XA-202609 Boolean Oracle hardware validation,xa202609-final-v1,9c355b3e-986f-570f-b981-821c3eda824f,cx_line_12_bidir,a2bc23d2-3da1-5b8b-a0d2-c417541dda9d,cx_line_12_bidir:seed-3,7e7f2dd846b3ac9452489b27d61b752383d6cf346dd2b2f71ce88a5ab869523f,b2fecb92-ca8e-590e-863f-fbac050aa4e4,neural_mcts[heuristic-only],490cad778a62ff99ef7fb1aef6ca6a4f1ce7d24bca65c9298c0a632653329212,fef5a6ec-e168-522a-b636-50e26d5a425f,neural_mcts[learned:6ba157fb9b55],f1171bd1422ca1cf4c031f00d1d3af87eeeb7fc6843c8eaffbdd3a4634907608,estimated_error,True,candidate - reference; negative favours candidate,100 * (reference - candidate) / abs(reference); positive favours candidate,8,8,8,0,0,8,0,0,0,,,,,,,,,,,,,,,,,,,wilcox,0,,,,global across all emitted Wilcoxon hypotheses,102,,False,0.05,"{""reference_metric_missing_or_nonfinite"":8}"
mapping,2577a60b-efeb-5683-93fc-007ea0cd77aa,xa202609-hardware-validation-v1,XA-202609 Boolean Oracle hardware validation,xa202609-final-v1,9c355b3e-986f-570f-b981-821c3eda824f,cx_line_12_bidir,a2bc23d2-3da1-5b8b-a0d2-c417541dda9d,cx_line_12_bidir:seed-3,7e7f2dd846b3ac9452489b27d61b752383d6cf346dd2b2f71ce88a5ab869523f,b2fecb92-ca8e-590e-863f-fbac050aa4e4,neural_mcts[heuristic-only],490cad778a62ff99ef7fb1aef6ca6a4f1ce7d24bca65c9298c0a632653329212,fef5a6ec-e168-522a-b636-50e26d5a425f,neural_mcts[learned:6ba157fb9b55],f1171bd1422ca1cf4c031f00d1d3af87eeeb7fc6843c8eaffbdd3a4634907608,mapped_depth,True,candidate - reference; negative favours candidate,100 * (reference - candidate) / abs(reference); positive favours candidate,8,8,8,8,8,0,0,8,0,205.5,119.5,205.5,119.5,0.0,0.0,0.0,0.0,0.0,0.0,0.0,0.0,0.0,0.0,0.0,0.0,0.0,1.0,wilcox,0,0.0,0.0,0.0,global across all emitted Wilcoxon hypotheses,102,1.0,False,0.05,{}
mapping,2577a60b-efeb-5683-93fc-007ea0cd77aa,xa202609-hardware-validation-v1,XA-202609 Boolean Oracle hardware validation,xa202609-final-v1,9c355b3e-986f-570f-b981-821c3eda824f,cx_line_12_bidir,a2bc23d2-3da1-5b8b-a0d2-c417541dda9d,cx_line_12_bidir:seed-3,7e7f2dd846b3ac9452489b27d61b752383d6cf346dd2b2f71ce88a5ab869523f,b2fecb92-ca8e-590e-863f-fbac050aa4e4,neural_mcts[heuristic-only],490cad778a62ff99ef7fb1aef6ca6a4f1ce7d24bca65c9298c0a632653329212,fef5a6ec-e168-522a-b636-50e26d5a425f,neural_mcts[learned:6ba157fb9b55],f1171bd1422ca1cf4c031f00d1d3af87eeeb7fc6843c8eaffbdd3a4634907608,mapping_runtime_s,True,candidate - reference; negative favours candidate,100 * (reference - candidate) / abs(reference); positive favours candidate,8,8,8,8,8,0,5,0,3,0.4031624374999865,0.20665699999972276,0.3861754499998824,0.18474309999965044,-0.016986987500104078,-0.03651389843776371,0.00218631468757166,-0.014585849999548373,-0.04681290000007721,0.009148999998615182,9.239279969294293,0.48293248016742213,18.870194423702557,2.1483532995371406,-2.8991962172180865,25.350626663166288,9.0,0.25,wilcox,8,0.5,-0.3333333333333333,0.9444444444444444,global across all emitted Wilcoxon hypotheses,102,1.0,False,0.05,{}
mapping,2577a60b-efeb-5683-93fc-007ea0cd77aa,xa202609-hardware-validation-v1,XA-202609 Boolean Oracle hardware validation,xa202609-final-v1,9c355b3e-986f-570f-b981-821c3eda824f,cx_line_12_bidir,a2bc23d2-3da1-5b8b-a0d2-c417541dda9d,cx_line_12_bidir:seed-3,7e7f2dd846b3ac9452489b27d61b752383d6cf346dd2b2f71ce88a5ab869523f,b2fecb92-ca8e-590e-863f-fbac050aa4e4,neural_mcts[heuristic-only],490cad778a62ff99ef7fb1aef6ca6a4f1ce7d24bca65c9298c0a632653329212,fef5a6ec-e168-522a-b636-50e26d5a425f,neural_mcts[learned:6ba157fb9b55],f1171bd1422ca1cf4c031f00d1d3af87eeeb7fc6843c8eaffbdd3a4634907608,native_entangling_count,True,candidate - reference; negative favours candidate,100 * (reference - candidate) / abs(reference); positive favours candidate,8,8,8,8,8,0,0,8,0,157.75,83.0,157.75,83.0,0.0,0.0,0.0,0.0,0.0,0.0,0.0,0.0,0.0,0.0,0.0,0.0,0.0,1.0,wilcox,0,0.0,0.0,0.0,global across all emitted Wilcoxon hypotheses,102,1.0,False,0.05,{}
mapping,2577a60b-efeb-5683-93fc-007ea0cd77aa,xa202609-hardware-validation-v1,XA-202609 Boolean Oracle hardware validation,xa202609-final-v1,9c355b3e-986f-570f-b981-821c3eda824f,cx_line_12_bidir,a2bc23d2-3da1-5b8b-a0d2-c417541dda9d,cx_line_12_bidir:seed-3,7e7f2dd846b3ac9452489b27d61b752383d6cf346dd2b2f71ce88a5ab869523f,b2fecb92-ca8e-590e-863f-fbac050aa4e4,neural_mcts[heuristic-only],490cad778a62ff99ef7fb1aef6ca6a4f1ce7d24bca65c9298c0a632653329212,fef5a6ec-e168-522a-b636-50e26d5a425f,neural_mcts[learned:6ba157fb9b55],f1171bd1422ca1cf4c031f00d1d3af87eeeb7fc6843c8eaffbdd3a4634907608,one_qubit_gate_count,True,candidate - reference; negative favours candidate,100 * (reference - candidate) / abs(reference); positive favours candidate,8,8,8,8,8,0,0,8,0,96.75,65.5,96.75,65.5,0.0,0.0,0.0,0.0,0.0,0.0,0.0,0.0,0.0,0.0,0.0,0.0,0.0,1.0,wilcox,0,0.0,0.0,0.0,global across all emitted Wilcoxon hypotheses,102,1.0,False,0.05,{}
mapping,2577a60b-efeb-5683-93fc-007ea0cd77aa,xa202609-hardware-validation-v1,XA-202609 Boolean Oracle hardware validation,xa202609-final-v1,9c355b3e-986f-570f-b981-821c3eda824f,cx_line_12_bidir,a2bc23d2-3da1-5b8b-a0d2-c417541dda9d,cx_line_12_bidir:seed-3,7e7f2dd846b3ac9452489b27d61b752383d6cf346dd2b2f71ce88a5ab869523f,b2fecb92-ca8e-590e-863f-fbac050aa4e4,neural_mcts[heuristic-only],490cad778a62ff99ef7fb1aef6ca6a4f1ce7d24bca65c9298c0a632653329212,fef5a6ec-e168-522a-b636-50e26d5a425f,neural_mcts[learned:6ba157fb9b55],f1171bd1422ca1cf4c031f00d1d3af87eeeb7fc6843c8eaffbdd3a4634907608,routing_overhead,True,candidate - reference; negative favours candidate,100 * (reference - candidate) / abs(reference); positive favours candidate,8,8,8,8,8,0,0,8,0,1.1477933168645575,1.1555555555555554,1.1477933168645575,1.1555555555555554,0.0,0.0,0.0,0.0,0.0,0.0,0.0,0.0,0.0,0.0,0.0,0.0,0.0,1.0,wilcox,0,0.0,0.0,0.0,global across all emitted Wilcoxon hypotheses,102,1.0,False,0.05,{}
mapping,2577a60b-efeb-5683-93fc-007ea0cd77aa,xa202609-hardware-validation-v1,XA-202609 Boolean Oracle hardware validation,xa202609-final-v1,9c355b3e-986f-570f-b981-821c3eda824f,cx_line_12_bidir,a2bc23d2-3da1-5b8b-a0d2-c417541dda9d,cx_line_12_bidir:seed-3,7e7f2dd846b3ac9452489b27d61b752383d6cf346dd2b2f71ce88a5ab869523f,b2fecb92-ca8e-590e-863f-fbac050aa4e4,neural_mcts[heuristic-only],490cad778a62ff99ef7fb1aef6ca6a4f1ce7d24bca65c9298c0a632653329212,fef5a6ec-e168-522a-b636-50e26d5a425f,neural_mcts[learned:6ba157fb9b55],f1171bd1422ca1cf4c031f00d1d3af87eeeb7fc6843c8eaffbdd3a4634907608,swap_count,True,candidate - reference; negative favours candidate,100 * (reference - candidate) / abs(reference); positive favours candidate,8,8,8,8,8,0,0,8,0,0.0,0.0,0.0,0.0,0.0,0.0,0.0,0.0,0.0,0.0,0.0,0.0,0.0,0.0,0.0,0.0,0.0,1.0,wilcox,0,0.0,0.0,0.0,global across all emitted Wilcoxon hypotheses,102,1.0,False,0.05,{}
mapping,2577a60b-efeb-5683-93fc-007ea0cd77aa,xa202609-hardware-validation-v1,XA-202609 Boolean Oracle hardware validation,xa202609-final-v1,9c355b3e-986f-570f-b981-821c3eda824f,cx_line_12_bidir,a2bc23d2-3da1-5b8b-a0d2-c417541dda9d,cx_line_12_bidir:seed-3,7e7f2dd846b3ac9452489b27d61b752383d6cf346dd2b2f71ce88a5ab869523f,b2fecb92-ca8e-590e-863f-fbac050aa4e4,neural_mcts[heuristic-only],490cad778a62ff99ef7fb1aef6ca6a4f1ce7d24bca65c9298c0a632653329212,fef5a6ec-e168-522a-b636-50e26d5a425f,neural_mcts[learned:6ba157fb9b55],f1171bd1422ca1cf4c031f00d1d3af87eeeb7fc6843c8eaffbdd3a4634907608,total_gate_count,True,candidate - reference; negative favours candidate,100 * (reference - candidate) / abs(reference); positive favours candidate,8,8,8,8,8,0,0,8,0,254.5,148.5,254.5,148.5,0.0,0.0,0.0,0.0,0.0,0.0,0.0,0.0,0.0,0.0,0.0,0.0,0.0,1.0,wilcox,0,0.0,0.0,0.0,global across all emitted Wilcoxon hypotheses,102,1.0,False,0.05,{}
mapping,2577a60b-efeb-5683-93fc-007ea0cd77aa,xa202609-hardware-validation-v1,XA-202609 Boolean Oracle hardware validation,xa202609-final-v1,9c355b3e-986f-570f-b981-821c3eda824f,cx_line_12_bidir,a2bc23d2-3da1-5b8b-a0d2-c417541dda9d,cx_line_12_bidir:seed-3,7e7f2dd846b3ac9452489b27d61b752383d6cf346dd2b2f71ce88a5ab869523f,b2fecb92-ca8e-590e-863f-fbac050aa4e4,neural_mcts[heuristic-only],490cad778a62ff99ef7fb1aef6ca6a4f1ce7d24bca65c9298c0a632653329212,fef5a6ec-e168-522a-b636-50e26d5a425f,neural_mcts[learned:6ba157fb9b55],f1171bd1422ca1cf4c031f00d1d3af87eeeb7fc6843c8eaffbdd3a4634907608,two_qubit_depth,True,candidate - reference; negative favours candidate,100 * (reference - candidate) / abs(reference); positive favours candidate,8,8,8,8,8,0,0,8,0,137.0,72.5,137.0,72.5,0.0,0.0,0.0,0.0,0.0,0.0,0.0,0.0,0.0,0.0,0.0,0.0,0.0,1.0,wilcox,0,0.0,0.0,0.0,global across all emitted Wilcoxon hypotheses,102,1.0,False,0.05,{}
mapping,2577a60b-efeb-5683-93fc-007ea0cd77aa,xa202609-hardware-validation-v1,XA-202609 Boolean Oracle hardware validation,xa202609-final-v1,9c355b3e-986f-570f-b981-821c3eda824f,cx_line_12_bidir,a2bc23d2-3da1-5b8b-a0d2-c417541dda9d,cx_line_12_bidir:seed-3,7e7f2dd846b3ac9452489b27d61b752383d6cf346dd2b2f71ce88a5ab869523f,b2fecb92-ca8e-590e-863f-fbac050aa4e4,neural_mcts[heuristic-only],490cad778a62ff99ef7fb1aef6ca6a4f1ce7d24bca65c9298c0a632653329212,fef5a6ec-e168-522a-b636-50e26d5a425f,neural_mcts[learned:6ba157fb9b55],f1171bd1422ca1cf4c031f00d1d3af87eeeb7fc6843c8eaffbdd3a4634907608,two_qubit_gate_count,True,candidate - reference; negative favours candidate,100 * (reference - candidate) / abs(reference); positive favours candidate,8,8,8,8,8,0,0,8,0,157.75,83.0,157.75,83.0,0.0,0.0,0.0,0.0,0.0,0.0,0.0,0.0,0.0,0.0,0.0,0.0,0.0,1.0,wilcox,0,0.0,0.0,0.0,global across all emitted Wilcoxon hypotheses,102,1.0,False,0.05,{}
mapping,2577a60b-efeb-5683-93fc-007ea0cd77aa,xa202609-hardware-validation-v1,XA-202609 Boolean Oracle hardware validation,xa202609-final-v1,9c355b3e-986f-570f-b981-821c3eda824f,cx_line_12_bidir,a2bc23d2-3da1-5b8b-a0d2-c417541dda9d,cx_line_12_bidir:seed-3,7e7f2dd846b3ac9452489b27d61b752383d6cf346dd2b2f71ce88a5ab869523f,037c9a69-5e8d-516d-8a0a-5dda863d936b,neural_mcts[random-prior:202609],cd737171b6b1ddcd2a0f41fe036e5bda9ac37bd5927ad0eac5e83394237e07ef,fef5a6ec-e168-522a-b636-50e26d5a425f,neural_mcts[learned:6ba157fb9b55],f1171bd1422ca1cf4c031f00d1d3af87eeeb7fc6843c8eaffbdd3a4634907608,estimated_error,True,candidate - reference; negative favours candidate,100 * (reference - candidate) / abs(reference); positive favours candidate,8,8,8,0,0,8,0,0,0,,,,,,,,,,,,,,,,,,,wilcox,0,,,,global across all emitted Wilcoxon hypotheses,102,,False,0.05,"{""reference_metric_missing_or_nonfinite"":8}"
mapping,2577a60b-efeb-5683-93fc-007ea0cd77aa,xa202609-hardware-validation-v1,XA-202609 Boolean Oracle hardware validation,xa202609-final-v1,9c355b3e-986f-570f-b981-821c3eda824f,cx_line_12_bidir,a2bc23d2-3da1-5b8b-a0d2-c417541dda9d,cx_line_12_bidir:seed-3,7e7f2dd846b3ac9452489b27d61b752383d6cf346dd2b2f71ce88a5ab869523f,037c9a69-5e8d-516d-8a0a-5dda863d936b,neural_mcts[random-prior:202609],cd737171b6b1ddcd2a0f41fe036e5bda9ac37bd5927ad0eac5e83394237e07ef,fef5a6ec-e168-522a-b636-50e26d5a425f,neural_mcts[learned:6ba157fb9b55],f1171bd1422ca1cf4c031f00d1d3af87eeeb7fc6843c8eaffbdd3a4634907608,mapped_depth,True,candidate - reference; negative favours candidate,100 * (reference - candidate) / abs(reference); positive favours candidate,8,8,8,8,8,0,2,6,0,212.25,119.5,205.5,119.5,-6.75,-13.5,0.0,0.0,-27.0,0.0,1.2340036563071297,0.0,3.0850091407678244,0.0,0.0,2.4680073126142594,0.0,0.5,wilcox,2,1.0,0.0,1.0,global across all emitted Wilcoxon hypotheses,102,1.0,False,0.05,{}
mapping,2577a60b-efeb-5683-93fc-007ea0cd77aa,xa202609-hardware-validation-v1,XA-202609 Boolean Oracle hardware validation,xa202609-final-v1,9c355b3e-986f-570f-b981-821c3eda824f,cx_line_12_bidir,a2bc23d2-3da1-5b8b-a0d2-c417541dda9d,cx_line_12_bidir:seed-3,7e7f2dd846b3ac9452489b27d61b752383d6cf346dd2b2f71ce88a5ab869523f,037c9a69-5e8d-516d-8a0a-5dda863d936b,neural_mcts[random-prior:202609],cd737171b6b1ddcd2a0f41fe036e5bda9ac37bd5927ad0eac5e83394237e07ef,fef5a6ec-e168-522a-b636-50e26d5a425f,neural_mcts[learned:6ba157fb9b55],f1171bd1422ca1cf4c031f00d1d3af87eeeb7fc6843c8eaffbdd3a4634907608,mapping_runtime_s,True,candidate - reference; negative favours candidate,100 * (reference - candidate) / abs(reference); positive favours candidate,8,8,8,8,8,0,4,0,4,0.3899638875001301,0.18205180000040855,0.3861754499998824,0.18474309999965044,-0.00378843750024771,-0.011139468750465653,0.002989594374901111,3.35000004270114e-06,-0.017545800000334566,0.004718299999694864,-0.16950450751045604,-2.392299717090366,2.5352563686588154,-0.004733730432429245,-3.2553044093663184,2.363669344841923,16.0,0.84375,wilcox,8,0.1111111111111111,-0.7222222222222222,0.8333333333333334,global across all emitted Wilcoxon hypotheses,102,1.0,False,0.05,{}
mapping,2577a60b-efeb-5683-93fc-007ea0cd77aa,xa202609-hardware-validation-v1,XA-202609 Boolean Oracle hardware validation,xa202609-final-v1,9c355b3e-986f-570f-b981-821c3eda824f,cx_line_12_bidir,a2bc23d2-3da1-5b8b-a0d2-c417541dda9d,cx_line_12_bidir:seed-3,7e7f2dd846b3ac9452489b27d61b752383d6cf346dd2b2f71ce88a5ab869523f,037c9a69-5e8d-516d-8a0a-5dda863d936b,neural_mcts[random-prior:202609],cd737171b6b1ddcd2a0f41fe036e5bda9ac37bd5927ad0eac5e83394237e07ef,fef5a6ec-e168-522a-b636-50e26d5a425f,neural_mcts[learned:6ba157fb9b55],f1171bd1422ca1cf4c031f00d1d3af87eeeb7fc6843c8eaffbdd3a4634907608,native_entangling_count,True,candidate - reference; negative favours candidate,100 * (reference - candidate) / abs(reference); positive favours candidate,8,8,8,8,8,0,2,6,0,159.75,83.0,157.75,83.0,-2.0,-4.0,0.0,0.0,-4.0,0.0,0.4662004662004662,0.0,1.1655011655011656,0.0,0.0,0.9324009324009324,0.0,0.5,wilcox,2,1.0,0.0,1.0,global across all emitted Wilcoxon hypotheses,102,1.0,False,0.05,{}
mapping,2577a60b-efeb-5683-93fc-007ea0cd77aa,xa202609-hardware-validation-v1,XA-202609 Boolean Oracle hardware validation,xa202609-final-v1,9c355b3e-986f-570f-b981-821c3eda824f,cx_line_12_bidir,a2bc23d2-3da1-5b8b-a0d2-c417541dda9d,cx_line_12_bidir:seed-3,7e7f2dd846b3ac9452489b27d61b752383d6cf346dd2b2f71ce88a5ab869523f,037c9a69-5e8d-516d-8a0a-5dda863d936b,neural_mcts[random-prior:202609],cd737171b6b1ddcd2a0f41fe036e5bda9ac37bd5927ad0eac5e83394237e07ef,fef5a6ec-e168-522a-b636-50e26d5a425f,neural_mcts[learned:6ba157fb9b55],f1171bd1422ca1cf4c031f00d1d3af87eeeb7fc6843c8eaffbdd3a4634907608,one_qubit_gate_count,True,candidate - reference; negative favours candidate,100 * (reference - candidate) / abs(reference); positive favours candidate,8,8,8,8,8,0,2,6,0,99.75,65.5,96.75,65.5,-3.0,-7.5,0.0,0.0,-6.0,0.0,1.2448132780082988,0.0,3.112033195020747,0.0,0.0,4.979253112033195,0.0,0.5,wilcox,2,1.0,0.0,1.0,global across all emitted Wilcoxon hypotheses,102,1.0,False,0.05,{}
mapping,2577a60b-efeb-5683-93fc-007ea0cd77aa,xa202609-hardware-validation-v1,XA-202609 Boolean Oracle hardware validation,xa202609-final-v1,9c355b3e-986f-570f-b981-821c3eda824f,cx_line_12_bidir,a2bc23d2-3da1-5b8b-a0d2-c417541dda9d,cx_line_12_bidir:seed-3,7e7f2dd846b3ac9452489b27d61b752383d6cf346dd2b2f71ce88a5ab869523f,037c9a69-5e8d-516d-8a0a-5dda863d936b,neural_mcts[random-prior:202609],cd737171b6b1ddcd2a0f41fe036e5bda9ac37bd5927ad0eac5e83394237e07ef,fef5a6ec-e168-522a-b636-50e26d5a425f,neural_mcts[learned:6ba157fb9b55],f1171bd1422ca1cf4c031f00d1d3af87eeeb7fc6843c8eaffbdd3a4634907608,routing_overhead,True,candidate - reference; negative favours candidate,100 * (reference - candidate) / abs(reference); positive favours candidate,8,8,8,8,8,0,0,6,2,1.1362309117628266,1.1555555555555554,1.1477933168645575,1.1555555555555554,0.0115624051017309,0.0,0.028906012754327248,0.0,0.0,0.0462496204069236,-0.8766577638607443,-1.7533155277214887,0.0,0.0,-1.7533155277214887,0.0,0.0,0.5,wilcox,2,-1.0,-1.0,0.0,global across all emitted Wilcoxon hypotheses,102,1.0,False,0.05,{}
mapping,2577a60b-efeb-5683-93fc-007ea0cd77aa,xa202609-hardware-validation-v1,XA-202609 Boolean Oracle hardware validation,xa202609-final-v1,9c355b3e-986f-570f-b981-821c3eda824f,cx_line_12_bidir,a2bc23d2-3da1-5b8b-a0d2-c417541dda9d,cx_line_12_bidir:seed-3,7e7f2dd846b3ac9452489b27d61b752383d6cf346dd2b2f71ce88a5ab869523f,037c9a69-5e8d-516d-8a0a-5dda863d936b,neural_mcts[random-prior:202609],cd737171b6b1ddcd2a0f41fe036e5bda9ac37bd5927ad0eac5e83394237e07ef,fef5a6ec-e168-522a-b636-50e26d5a425f,neural_mcts[learned:6ba157fb9b55],f1171bd1422ca1cf4c031f00d1d3af87eeeb7fc6843c8eaffbdd3a4634907608,swap_count,True,candidate - reference; negative favours candidate,100 * (reference - candidate) / abs(reference); positive favours candidate,8,8,8,8,8,0,0,8,0,0.0,0.0,0.0,0.0,0.0,0.0,0.0,0.0,0.0,0.0,0.0,0.0,0.0,0.0,0.0,0.0,0.0,1.0,wilcox,0,0.0,0.0,0.0,global across all emitted Wilcoxon hypotheses,102,1.0,False,0.05,{}
mapping,2577a60b-efeb-5683-93fc-007ea0cd77aa,xa202609-hardware-validation-v1,XA-202609 Boolean Oracle hardware validation,xa202609-final-v1,9c355b3e-986f-570f-b981-821c3eda824f,cx_line_12_bidir,a2bc23d2-3da1-5b8b-a0d2-c417541dda9d,cx_line_12_bidir:seed-3,7e7f2dd846b3ac9452489b27d61b752383d6cf346dd2b2f71ce88a5ab869523f,037c9a69-5e8d-516d-8a0a-5dda863d936b,neural_mcts[random-prior:202609],cd737171b6b1ddcd2a0f41fe036e5bda9ac37bd5927ad0eac5e83394237e07ef,fef5a6ec-e168-522a-b636-50e26d5a425f,neural_mcts[learned:6ba157fb9b55],f1171bd1422ca1cf4c031f00d1d3af87eeeb7fc6843c8eaffbdd3a4634907608,total_gate_count,True,candidate - reference; negative favours candidate,100 * (reference - candidate) / abs(reference); positive favours candidate,8,8,8,8,8,0,2,6,0,259.5,148.5,254.5,148.5,-5.0,-12.5,0.0,0.0,-10.0,0.0,0.746268656716418,0.0,1.8656716417910448,0.0,0.0,2.985074626865672,0.0,0.5,wilcox,2,1.0,0.0,1.0,global across all emitted Wilcoxon hypotheses,102,1.0,False,0.05,{}
mapping,2577a60b-efeb-5683-93fc-007ea0cd77aa,xa202609-hardware-validation-v1,XA-202609 Boolean Oracle hardware validation,xa202609-final-v1,9c355b3e-986f-570f-b981-821c3eda824f,cx_line_12_bidir,a2bc23d2-3da1-5b8b-a0d2-c417541dda9d,cx_line_12_bidir:seed-3,7e7f2dd846b3ac9452489b27d61b752383d6cf346dd2b2f71ce88a5ab869523f,037c9a69-5e8d-516d-8a0a-5dda863d936b,neural_mcts[random-prior:202609],cd737171b6b1ddcd2a0f41fe036e5bda9ac37bd5927ad0eac5e83394237e07ef,fef5a6ec-e168-522a-b636-50e26d5a425f,neural_mcts[learned:6ba157fb9b55],f1171bd1422ca1cf4c031f00d1d3af87eeeb7fc6843c8eaffbdd3a4634907608,two_qubit_depth,True,candidate - reference; negative favours candidate,100 * (reference - candidate) / abs(reference); positive favours candidate,8,8,8,8,8,0,2,6,0,142.0,72.5,137.0,72.5,-5.0,-12.5,0.0,0.0,-20.0,0.0,1.3089005235602094,0.0,2.6178010471204187,0.0,0.0,5.2356020942408374,0.0,0.5,wilcox,2,1.0,0.0,1.0,global across all emitted Wilcoxon hypotheses,102,1.0,False,0.05,{}
mapping,2577a60b-efeb-5683-93fc-007ea0cd77aa,xa202609-hardware-validation-v1,XA-202609 Boolean Oracle hardware validation,xa202609-final-v1,9c355b3e-986f-570f-b981-821c3eda824f,cx_line_12_bidir,a2bc23d2-3da1-5b8b-a0d2-c417541dda9d,cx_line_12_bidir:seed-3,7e7f2dd846b3ac9452489b27d61b752383d6cf346dd2b2f71ce88a5ab869523f,037c9a69-5e8d-516d-8a0a-5dda863d936b,neural_mcts[random-prior:202609],cd737171b6b1ddcd2a0f41fe036e5bda9ac37bd5927ad0eac5e83394237e07ef,fef5a6ec-e168-522a-b636-50e26d5a425f,neural_mcts[learned:6ba157fb9b55],f1171bd1422ca1cf4c031f00d1d3af87eeeb7fc6843c8eaffbdd3a4634907608,two_qubit_gate_count,True,candidate - reference; negative favours candidate,100 * (reference - candidate) / abs(reference); positive favours candidate,8,8,8,8,8,0,2,6,0,159.75,83.0,157.75,83.0,-2.0,-4.0,0.0,0.0,-4.0,0.0,0.4662004662004662,0.0,1.1655011655011656,0.0,0.0,1.8648018648018647,0.0,0.5,wilcox,2,1.0,0.0,1.0,global across all emitted Wilcoxon hypotheses,102,1.0,False,0.05,{}
mapping,2577a60b-efeb-5683-93fc-007ea0cd77aa,xa202609-hardware-validation-v1,XA-202609 Boolean Oracle hardware validation,xa202609-final-v1,9c355b3e-986f-570f-b981-821c3eda824f,cx_line_12_bidir,a2bc23d2-3da1-5b8b-a0d2-c417541dda9d,cx_line_12_bidir:seed-3,7e7f2dd846b3ac9452489b27d61b752383d6cf346dd2b2f71ce88a5ab869523f,c86c00cf-bb9b-591a-b042-c61950b1ae81,neural_mcts[uniform-prior],f4a472c2f6999cf836044652a3d548752f1e05e9157886a5fc0db5c8215dfc16,fef5a6ec-e168-522a-b636-50e26d5a425f,neural_mcts[learned:6ba157fb9b55],f1171bd1422ca1cf4c031f00d1d3af87eeeb7fc6843c8eaffbdd3a4634907608,estimated_error,True,candidate - reference; negative favours candidate,100 * (reference - candidate) / abs(reference); positive favours candidate,8,8,8,0,0,8,0,0,0,,,,,,,,,,,,,,,,,,,wilcox,0,,,,global across all emitted Wilcoxon hypotheses,102,,False,0.05,"{""reference_metric_missing_or_nonfinite"":8}"
mapping,2577a60b-efeb-5683-93fc-007ea0cd77aa,xa202609-hardware-validation-v1,XA-202609 Boolean Oracle hardware validation,xa202609-final-v1,9c355b3e-986f-570f-b981-821c3eda824f,cx_line_12_bidir,a2bc23d2-3da1-5b8b-a0d2-c417541dda9d,cx_line_12_bidir:seed-3,7e7f2dd846b3ac9452489b27d61b752383d6cf346dd2b2f71ce88a5ab869523f,c86c00cf-bb9b-591a-b042-c61950b1ae81,neural_mcts[uniform-prior],f4a472c2f6999cf836044652a3d548752f1e05e9157886a5fc0db5c8215dfc16,fef5a6ec-e168-522a-b636-50e26d5a425f,neural_mcts[learned:6ba157fb9b55],f1171bd1422ca1cf4c031f00d1d3af87eeeb7fc6843c8eaffbdd3a4634907608,mapped_depth,True,candidate - reference; negative favours candidate,100 * (reference - candidate) / abs(reference); positive favours candidate,8,8,8,8,8,0,0,8,0,205.5,119.5,205.5,119.5,0.0,0.0,0.0,0.0,0.0,0.0,0.0,0.0,0.0,0.0,0.0,0.0,0.0,1.0,wilcox,0,0.0,0.0,0.0,global across all emitted Wilcoxon hypotheses,102,1.0,False,0.05,{}
mapping,2577a60b-efeb-5683-93fc-007ea0cd77aa,xa202609-hardware-validation-v1,XA-202609 Boolean Oracle hardware validation,xa202609-final-v1,9c355b3e-986f-570f-b981-821c3eda824f,cx_line_12_bidir,a2bc23d2-3da1-5b8b-a0d2-c417541dda9d,cx_line_12_bidir:seed-3,7e7f2dd846b3ac9452489b27d61b752383d6cf346dd2b2f71ce88a5ab869523f,c86c00cf-bb9b-591a-b042-c61950b1ae81,neural_mcts[uniform-prior],f4a472c2f6999cf836044652a3d548752f1e05e9157886a5fc0db5c8215dfc16,fef5a6ec-e168-522a-b636-50e26d5a425f,neural_mcts[learned:6ba157fb9b55],f1171bd1422ca1cf4c031f00d1d3af87eeeb7fc6843c8eaffbdd3a4634907608,mapping_runtime_s,True,candidate - reference; negative favours candidate,100 * (reference - candidate) / abs(reference); positive favours candidate,8,8,8,8,8,0,4,0,4,0.39771541249979236,0.1974469499996303,0.3861754499998824,0.18474309999965044,-0.011539962499909961,-0.0345900315622714,0.00958978749963535,-0.0035303999993629986,-0.04280289999951492,0.02121209999859275,5.631456159695083,-3.27242053753191,15.160871617280586,0.9469603974703691,-5.948513224469455,23.3048282060051,12.0,0.4609375,wilcox,8,0.3333333333333333,-0.5555555555555556,0.8333333333333334,global across all emitted Wilcoxon hypotheses,102,1.0,False,0.05,{}
mapping,2577a60b-efeb-5683-93fc-007ea0cd77aa,xa202609-hardware-validation-v1,XA-202609 Boolean Oracle hardware validation,xa202609-final-v1,9c355b3e-986f-570f-b981-821c3eda824f,cx_line_12_bidir,a2bc23d2-3da1-5b8b-a0d2-c417541dda9d,cx_line_12_bidir:seed-3,7e7f2dd846b3ac9452489b27d61b752383d6cf346dd2b2f71ce88a5ab869523f,c86c00cf-bb9b-591a-b042-c61950b1ae81,neural_mcts[uniform-prior],f4a472c2f6999cf836044652a3d548752f1e05e9157886a5fc0db5c8215dfc16,fef5a6ec-e168-522a-b636-50e26d5a425f,neural_mcts[learned:6ba157fb9b55],f1171bd1422ca1cf4c031f00d1d3af87eeeb7fc6843c8eaffbdd3a4634907608,native_entangling_count,True,candidate - reference; negative favours candidate,100 * (reference - candidate) / abs(reference); positive favours candidate,8,8,8,8,8,0,0,8,0,157.75,83.0,157.75,83.0,0.0,0.0,0.0,0.0,0.0,0.0,0.0,0.0,0.0,0.0,0.0,0.0,0.0,1.0,wilcox,0,0.0,0.0,0.0,global across all emitted Wilcoxon hypotheses,102,1.0,False,0.05,{}
mapping,2577a60b-efeb-5683-93fc-007ea0cd77aa,xa202609-hardware-validation-v1,XA-202609 Boolean Oracle hardware validation,xa202609-final-v1,9c355b3e-986f-570f-b981-821c3eda824f,cx_line_12_bidir,a2bc23d2-3da1-5b8b-a0d2-c417541dda9d,cx_line_12_bidir:seed-3,7e7f2dd846b3ac9452489b27d61b752383d6cf346dd2b2f71ce88a5ab869523f,c86c00cf-bb9b-591a-b042-c61950b1ae81,neural_mcts[uniform-prior],f4a472c2f6999cf836044652a3d548752f1e05e9157886a5fc0db5c8215dfc16,fef5a6ec-e168-522a-b636-50e26d5a425f,neural_mcts[learned:6ba157fb9b55],f1171bd1422ca1cf4c031f00d1d3af87eeeb7fc6843c8eaffbdd3a4634907608,one_qubit_gate_count,True,candidate - reference; negative favours candidate,100 * (reference - candidate) / abs(reference); positive favours candidate,8,8,8,8,8,0,0,8,0,96.75,65.5,96.75,65.5,0.0,0.0,0.0,0.0,0.0,0.0,0.0,0.0,0.0,0.0,0.0,0.0,0.0,1.0,wilcox,0,0.0,0.0,0.0,global across all emitted Wilcoxon hypotheses,102,1.0,False,0.05,{}
mapping,2577a60b-efeb-5683-93fc-007ea0cd77aa,xa202609-hardware-validation-v1,XA-202609 Boolean Oracle hardware validation,xa202609-final-v1,9c355b3e-986f-570f-b981-821c3eda824f,cx_line_12_bidir,a2bc23d2-3da1-5b8b-a0d2-c417541dda9d,cx_line_12_bidir:seed-3,7e7f2dd846b3ac9452489b27d61b752383d6cf346dd2b2f71ce88a5ab869523f,c86c00cf-bb9b-591a-b042-c61950b1ae81,neural_mcts[uniform-prior],f4a472c2f6999cf836044652a3d548752f1e05e9157886a5fc0db5c8215dfc16,fef5a6ec-e168-522a-b636-50e26d5a425f,neural_mcts[learned:6ba157fb9b55],f1171bd1422ca1cf4c031f00d1d3af87eeeb7fc6843c8eaffbdd3a4634907608,routing_overhead,True,candidate - reference; negative favours candidate,100 * (reference - candidate) / abs(reference); positive favours candidate,8,8,8,8,8,0,0,8,0,1.1477933168645575,1.1555555555555554,1.1477933168645575,1.1555555555555554,0.0,0.0,0.0,0.0,0.0,0.0,0.0,0.0,0.0,0.0,0.0,0.0,0.0,1.0,wilcox,0,0.0,0.0,0.0,global across all emitted Wilcoxon hypotheses,102,1.0,False,0.05,{}
mapping,2577a60b-efeb-5683-93fc-007ea0cd77aa,xa202609-hardware-validation-v1,XA-202609 Boolean Oracle hardware validation,xa202609-final-v1,9c355b3e-986f-570f-b981-821c3eda824f,cx_line_12_bidir,a2bc23d2-3da1-5b8b-a0d2-c417541dda9d,cx_line_12_bidir:seed-3,7e7f2dd846b3ac9452489b27d61b752383d6cf346dd2b2f71ce88a5ab869523f,c86c00cf-bb9b-591a-b042-c61950b1ae81,neural_mcts[uniform-prior],f4a472c2f6999cf836044652a3d548752f1e05e9157886a5fc0db5c8215dfc16,fef5a6ec-e168-522a-b636-50e26d5a425f,neural_mcts[learned:6ba157fb9b55],f1171bd1422ca1cf4c031f00d1d3af87eeeb7fc6843c8eaffbdd3a4634907608,swap_count,True,candidate - reference; negative favours candidate,100 * (reference - candidate) / abs(reference); positive favours candidate,8,8,8,8,8,0,0,8,0,0.0,0.0,0.0,0.0,0.0,0.0,0.0,0.0,0.0,0.0,0.0,0.0,0.0,0.0,0.0,0.0,0.0,1.0,wilcox,0,0.0,0.0,0.0,global across all emitted Wilcoxon hypotheses,102,1.0,False,0.05,{}
mapping,2577a60b-efeb-5683-93fc-007ea0cd77aa,xa202609-hardware-validation-v1,XA-202609 Boolean Oracle hardware validation,xa202609-final-v1,9c355b3e-986f-570f-b981-821c3eda824f,cx_line_12_bidir,a2bc23d2-3da1-5b8b-a0d2-c417541dda9d,cx_line_12_bidir:seed-3,7e7f2dd846b3ac9452489b27d61b752383d6cf346dd2b2f71ce88a5ab869523f,c86c00cf-bb9b-591a-b042-c61950b1ae81,neural_mcts[uniform-prior],f4a472c2f6999cf836044652a3d548752f1e05e9157886a5fc0db5c8215dfc16,fef5a6ec-e168-522a-b636-50e26d5a425f,neural_mcts[learned:6ba157fb9b55],f1171bd1422ca1cf4c031f00d1d3af87eeeb7fc6843c8eaffbdd3a4634907608,total_gate_count,True,candidate - reference; negative favours candidate,100 * (reference - candidate) / abs(reference); positive favours candidate,8,8,8,8,8,0,0,8,0,254.5,148.5,254.5,148.5,0.0,0.0,0.0,0.0,0.0,0.0,0.0,0.0,0.0,0.0,0.0,0.0,0.0,1.0,wilcox,0,0.0,0.0,0.0,global across all emitted Wilcoxon hypotheses,102,1.0,False,0.05,{}
mapping,2577a60b-efeb-5683-93fc-007ea0cd77aa,xa202609-hardware-validation-v1,XA-202609 Boolean Oracle hardware validation,xa202609-final-v1,9c355b3e-986f-570f-b981-821c3eda824f,cx_line_12_bidir,a2bc23d2-3da1-5b8b-a0d2-c417541dda9d,cx_line_12_bidir:seed-3,7e7f2dd846b3ac9452489b27d61b752383d6cf346dd2b2f71ce88a5ab869523f,c86c00cf-bb9b-591a-b042-c61950b1ae81,neural_mcts[uniform-prior],f4a472c2f6999cf836044652a3d548752f1e05e9157886a5fc0db5c8215dfc16,fef5a6ec-e168-522a-b636-50e26d5a425f,neural_mcts[learned:6ba157fb9b55],f1171bd1422ca1cf4c031f00d1d3af87eeeb7fc6843c8eaffbdd3a4634907608,two_qubit_depth,True,candidate - reference; negative favours candidate,100 * (reference - candidate) / abs(reference); positive favours candidate,8,8,8,8,8,0,0,8,0,137.0,72.5,137.0,72.5,0.0,0.0,0.0,0.0,0.0,0.0,0.0,0.0,0.0,0.0,0.0,0.0,0.0,1.0,wilcox,0,0.0,0.0,0.0,global across all emitted Wilcoxon hypotheses,102,1.0,False,0.05,{}
mapping,2577a60b-efeb-5683-93fc-007ea0cd77aa,xa202609-hardware-validation-v1,XA-202609 Boolean Oracle hardware validation,xa202609-final-v1,9c355b3e-986f-570f-b981-821c3eda824f,cx_line_12_bidir,a2bc23d2-3da1-5b8b-a0d2-c417541dda9d,cx_line_12_bidir:seed-3,7e7f2dd846b3ac9452489b27d61b752383d6cf346dd2b2f71ce88a5ab869523f,c86c00cf-bb9b-591a-b042-c61950b1ae81,neural_mcts[uniform-prior],f4a472c2f6999cf836044652a3d548752f1e05e9157886a5fc0db5c8215dfc16,fef5a6ec-e168-522a-b636-50e26d5a425f,neural_mcts[learned:6ba157fb9b55],f1171bd1422ca1cf4c031f00d1d3af87eeeb7fc6843c8eaffbdd3a4634907608,two_qubit_gate_count,True,candidate - reference; negative favours candidate,100 * (reference - candidate) / abs(reference); positive favours candidate,8,8,8,8,8,0,0,8,0,157.75,83.0,157.75,83.0,0.0,0.0,0.0,0.0,0.0,0.0,0.0,0.0,0.0,0.0,0.0,0.0,0.0,1.0,wilcox,0,0.0,0.0,0.0,global across all emitted Wilcoxon hypotheses,102,1.0,False,0.05,{}
mapping,2577a60b-efeb-5683-93fc-007ea0cd77aa,xa202609-hardware-validation-v1,XA-202609 Boolean Oracle hardware validation,xa202609-final-v1,e673c165-45cc-5361-b064-00ae8fb881cf,cx_line_5_bidir,b2537b6e-04a2-5769-9029-faf04cb9b665,cx_line_5_bidir:seed-3,f83fa93fe7b7591c45de04f05ca491c3ca4a51da7bd1bdff7242979befecba2d,b2fecb92-ca8e-590e-863f-fbac050aa4e4,neural_mcts[heuristic-only],490cad778a62ff99ef7fb1aef6ca6a4f1ce7d24bca65c9298c0a632653329212,fef5a6ec-e168-522a-b636-50e26d5a425f,neural_mcts[learned:6ba157fb9b55],f1171bd1422ca1cf4c031f00d1d3af87eeeb7fc6843c8eaffbdd3a4634907608,estimated_error,True,candidate - reference; negative favours candidate,100 * (reference - candidate) / abs(reference); positive favours candidate,1,1,1,0,0,1,0,0,0,,,,,,,,,,,,,,,,,,,wilcox,0,,,,global across all emitted Wilcoxon hypotheses,102,,False,0.05,"{""reference_metric_missing_or_nonfinite"":1}"
mapping,2577a60b-efeb-5683-93fc-007ea0cd77aa,xa202609-hardware-validation-v1,XA-202609 Boolean Oracle hardware validation,xa202609-final-v1,e673c165-45cc-5361-b064-00ae8fb881cf,cx_line_5_bidir,b2537b6e-04a2-5769-9029-faf04cb9b665,cx_line_5_bidir:seed-3,f83fa93fe7b7591c45de04f05ca491c3ca4a51da7bd1bdff7242979befecba2d,b2fecb92-ca8e-590e-863f-fbac050aa4e4,neural_mcts[heuristic-only],490cad778a62ff99ef7fb1aef6ca6a4f1ce7d24bca65c9298c0a632653329212,fef5a6ec-e168-522a-b636-50e26d5a425f,neural_mcts[learned:6ba157fb9b55],f1171bd1422ca1cf4c031f00d1d3af87eeeb7fc6843c8eaffbdd3a4634907608,mapped_depth,True,candidate - reference; negative favours candidate,100 * (reference - candidate) / abs(reference); positive favours candidate,1,1,1,1,1,0,0,1,0,42.0,42.0,42.0,42.0,0.0,0.0,0.0,0.0,0.0,0.0,0.0,0.0,0.0,0.0,0.0,0.0,0.0,1.0,wilcox,0,0.0,0.0,0.0,global across all emitted Wilcoxon hypotheses,102,1.0,False,0.05,{}
mapping,2577a60b-efeb-5683-93fc-007ea0cd77aa,xa202609-hardware-validation-v1,XA-202609 Boolean Oracle hardware validation,xa202609-final-v1,e673c165-45cc-5361-b064-00ae8fb881cf,cx_line_5_bidir,b2537b6e-04a2-5769-9029-faf04cb9b665,cx_line_5_bidir:seed-3,f83fa93fe7b7591c45de04f05ca491c3ca4a51da7bd1bdff7242979befecba2d,b2fecb92-ca8e-590e-863f-fbac050aa4e4,neural_mcts[heuristic-only],490cad778a62ff99ef7fb1aef6ca6a4f1ce7d24bca65c9298c0a632653329212,fef5a6ec-e168-522a-b636-50e26d5a425f,neural_mcts[learned:6ba157fb9b55],f1171bd1422ca1cf4c031f00d1d3af87eeeb7fc6843c8eaffbdd3a4634907608,mapping_runtime_s,True,candidate - reference; negative favours candidate,100 * (reference - candidate) / abs(reference); positive favours candidate,1,1,1,1,1,0,1,0,0,0.1681107999993401,0.1681107999993401,0.16443249999883847,0.16443249999883847,-0.003678300000501622,-0.003678300000501622,-0.003678300000501622,-0.003678300000501622,-0.003678300000501622,-0.003678300000501622,2.18802123392195,2.18802123392195,2.18802123392195,2.18802123392195,2.18802123392195,2.18802123392195,0.0,1.0,wilcox,1,1.0,1.0,1.0,global across all emitted Wilcoxon hypotheses,102,1.0,False,0.05,{}
mapping,2577a60b-efeb-5683-93fc-007ea0cd77aa,xa202609-hardware-validation-v1,XA-202609 Boolean Oracle hardware validation,xa202609-final-v1,e673c165-45cc-5361-b064-00ae8fb881cf,cx_line_5_bidir,b2537b6e-04a2-5769-9029-faf04cb9b665,cx_line_5_bidir:seed-3,f83fa93fe7b7591c45de04f05ca491c3ca4a51da7bd1bdff7242979befecba2d,b2fecb92-ca8e-590e-863f-fbac050aa4e4,neural_mcts[heuristic-only],490cad778a62ff99ef7fb1aef6ca6a4f1ce7d24bca65c9298c0a632653329212,fef5a6ec-e168-522a-b636-50e26d5a425f,neural_mcts[learned:6ba157fb9b55],f1171bd1422ca1cf4c031f00d1d3af87eeeb7fc6843c8eaffbdd3a4634907608,native_entangling_count,True,candidate - reference; negative favours candidate,100 * (reference - candidate) / abs(reference); positive favours candidate,1,1,1,1,1,0,0,1,0,29.0,29.0,29.0,29.0,0.0,0.0,0.0,0.0,0.0,0.0,0.0,0.0,0.0,0.0,0.0,0.0,0.0,1.0,wilcox,0,0.0,0.0,0.0,global across all emitted Wilcoxon hypotheses,102,1.0,False,0.05,{}
mapping,2577a60b-efeb-5683-93fc-007ea0cd77aa,xa202609-hardware-validation-v1,XA-202609 Boolean Oracle hardware validation,xa202609-final-v1,e673c165-45cc-5361-b064-00ae8fb881cf,cx_line_5_bidir,b2537b6e-04a2-5769-9029-faf04cb9b665,cx_line_5_bidir:seed-3,f83fa93fe7b7591c45de04f05ca491c3ca4a51da7bd1bdff7242979befecba2d,b2fecb92-ca8e-590e-863f-fbac050aa4e4,neural_mcts[heuristic-only],490cad778a62ff99ef7fb1aef6ca6a4f1ce7d24bca65c9298c0a632653329212,fef5a6ec-e168-522a-b636-50e26d5a425f,neural_mcts[learned:6ba157fb9b55],f1171bd1422ca1cf4c031f00d1d3af87eeeb7fc6843c8eaffbdd3a4634907608,one_qubit_gate_count,True,candidate - reference; negative favours candidate,100 * (reference - candidate) / abs(reference); positive favours candidate,1,1,1,1,1,0,0,1,0,20.0,20.0,20.0,20.0,0.0,0.0,0.0,0.0,0.0,0.0,0.0,0.0,0.0,0.0,0.0,0.0,0.0,1.0,wilcox,0,0.0,0.0,0.0,global across all emitted Wilcoxon hypotheses,102,1.0,False,0.05,{}
mapping,2577a60b-efeb-5683-93fc-007ea0cd77aa,xa202609-hardware-validation-v1,XA-202609 Boolean Oracle hardware validation,xa202609-final-v1,e673c165-45cc-5361-b064-00ae8fb881cf,cx_line_5_bidir,b2537b6e-04a2-5769-9029-faf04cb9b665,cx_line_5_bidir:seed-3,f83fa93fe7b7591c45de04f05ca491c3ca4a51da7bd1bdff7242979befecba2d,b2fecb92-ca8e-590e-863f-fbac050aa4e4,neural_mcts[heuristic-only],490cad778a62ff99ef7fb1aef6ca6a4f1ce7d24bca65c9298c0a632653329212,fef5a6ec-e168-522a-b636-50e26d5a425f,neural_mcts[learned:6ba157fb9b55],f1171bd1422ca1cf4c031f00d1d3af87eeeb7fc6843c8eaffbdd3a4634907608,routing_overhead,True,candidate - reference; negative favours candidate,100 * (reference - candidate) / abs(reference); positive favours candidate,1,1,1,1,1,0,0,1,0,1.0714285714285714,1.0714285714285714,1.0714285714285714,1.0714285714285714,0.0,0.0,0.0,0.0,0.0,0.0,0.0,0.0,0.0,0.0,0.0,0.0,0.0,1.0,wilcox,0,0.0,0.0,0.0,global across all emitted Wilcoxon hypotheses,102,1.0,False,0.05,{}
mapping,2577a60b-efeb-5683-93fc-007ea0cd77aa,xa202609-hardware-validation-v1,XA-202609 Boolean Oracle hardware validation,xa202609-final-v1,e673c165-45cc-5361-b064-00ae8fb881cf,cx_line_5_bidir,b2537b6e-04a2-5769-9029-faf04cb9b665,cx_line_5_bidir:seed-3,f83fa93fe7b7591c45de04f05ca491c3ca4a51da7bd1bdff7242979befecba2d,b2fecb92-ca8e-590e-863f-fbac050aa4e4,neural_mcts[heuristic-only],490cad778a62ff99ef7fb1aef6ca6a4f1ce7d24bca65c9298c0a632653329212,fef5a6ec-e168-522a-b636-50e26d5a425f,neural_mcts[learned:6ba157fb9b55],f1171bd1422ca1cf4c031f00d1d3af87eeeb7fc6843c8eaffbdd3a4634907608,swap_count,True,candidate - reference; negative favours candidate,100 * (reference - candidate) / abs(reference); positive favours candidate,1,1,1,1,1,0,0,1,0,0.0,0.0,0.0,0.0,0.0,0.0,0.0,0.0,0.0,0.0,0.0,0.0,0.0,0.0,0.0,0.0,0.0,1.0,wilcox,0,0.0,0.0,0.0,global across all emitted Wilcoxon hypotheses,102,1.0,False,0.05,{}
mapping,2577a60b-efeb-5683-93fc-007ea0cd77aa,xa202609-hardware-validation-v1,XA-202609 Boolean Oracle hardware validation,xa202609-final-v1,e673c165-45cc-5361-b064-00ae8fb881cf,cx_line_5_bidir,b2537b6e-04a2-5769-9029-faf04cb9b665,cx_line_5_bidir:seed-3,f83fa93fe7b7591c45de04f05ca491c3ca4a51da7bd1bdff7242979befecba2d,b2fecb92-ca8e-590e-863f-fbac050aa4e4,neural_mcts[heuristic-only],490cad778a62ff99ef7fb1aef6ca6a4f1ce7d24bca65c9298c0a632653329212,fef5a6ec-e168-522a-b636-50e26d5a425f,neural_mcts[learned:6ba157fb9b55],f1171bd1422ca1cf4c031f00d1d3af87eeeb7fc6843c8eaffbdd3a4634907608,total_gate_count,True,candidate - reference; negative favours candidate,100 * (reference - candidate) / abs(reference); positive favours candidate,1,1,1,1,1,0,0,1,0,49.0,49.0,49.0,49.0,0.0,0.0,0.0,0.0,0.0,0.0,0.0,0.0,0.0,0.0,0.0,0.0,0.0,1.0,wilcox,0,0.0,0.0,0.0,global across all emitted Wilcoxon hypotheses,102,1.0,False,0.05,{}
mapping,2577a60b-efeb-5683-93fc-007ea0cd77aa,xa202609-hardware-validation-v1,XA-202609 Boolean Oracle hardware validation,xa202609-final-v1,e673c165-45cc-5361-b064-00ae8fb881cf,cx_line_5_bidir,b2537b6e-04a2-5769-9029-faf04cb9b665,cx_line_5_bidir:seed-3,f83fa93fe7b7591c45de04f05ca491c3ca4a51da7bd1bdff7242979befecba2d,b2fecb92-ca8e-590e-863f-fbac050aa4e4,neural_mcts[heuristic-only],490cad778a62ff99ef7fb1aef6ca6a4f1ce7d24bca65c9298c0a632653329212,fef5a6ec-e168-522a-b636-50e26d5a425f,neural_mcts[learned:6ba157fb9b55],f1171bd1422ca1cf4c031f00d1d3af87eeeb7fc6843c8eaffbdd3a4634907608,two_qubit_depth,True,candidate - reference; negative favours candidate,100 * (reference - candidate) / abs(reference); positive favours candidate,1,1,1,1,1,0,0,1,0,28.0,28.0,28.0,28.0,0.0,0.0,0.0,0.0,0.0,0.0,0.0,0.0,0.0,0.0,0.0,0.0,0.0,1.0,wilcox,0,0.0,0.0,0.0,global across all emitted Wilcoxon hypotheses,102,1.0,False,0.05,{}
mapping,2577a60b-efeb-5683-93fc-007ea0cd77aa,xa202609-hardware-validation-v1,XA-202609 Boolean Oracle hardware validation,xa202609-final-v1,e673c165-45cc-5361-b064-00ae8fb881cf,cx_line_5_bidir,b2537b6e-04a2-5769-9029-faf04cb9b665,cx_line_5_bidir:seed-3,f83fa93fe7b7591c45de04f05ca491c3ca4a51da7bd1bdff7242979befecba2d,b2fecb92-ca8e-590e-863f-fbac050aa4e4,neural_mcts[heuristic-only],490cad778a62ff99ef7fb1aef6ca6a4f1ce7d24bca65c9298c0a632653329212,fef5a6ec-e168-522a-b636-50e26d5a425f,neural_mcts[learned:6ba157fb9b55],f1171bd1422ca1cf4c031f00d1d3af87eeeb7fc6843c8eaffbdd3a4634907608,two_qubit_gate_count,True,candidate - reference; negative favours candidate,100 * (reference - candidate) / abs(reference); positive favours candidate,1,1,1,1,1,0,0,1,0,29.0,29.0,29.0,29.0,0.0,0.0,0.0,0.0,0.0,0.0,0.0,0.0,0.0,0.0,0.0,0.0,0.0,1.0,wilcox,0,0.0,0.0,0.0,global across all emitted Wilcoxon hypotheses,102,1.0,False,0.05,{}
mapping,2577a60b-efeb-5683-93fc-007ea0cd77aa,xa202609-hardware-validation-v1,XA-202609 Boolean Oracle hardware validation,xa202609-final-v1,e673c165-45cc-5361-b064-00ae8fb881cf,cx_line_5_bidir,b2537b6e-04a2-5769-9029-faf04cb9b665,cx_line_5_bidir:seed-3,f83fa93fe7b7591c45de04f05ca491c3ca4a51da7bd1bdff7242979befecba2d,037c9a69-5e8d-516d-8a0a-5dda863d936b,neural_mcts[random-prior:202609],cd737171b6b1ddcd2a0f41fe036e5bda9ac37bd5927ad0eac5e83394237e07ef,fef5a6ec-e168-522a-b636-50e26d5a425f,neural_mcts[learned:6ba157fb9b55],f1171bd1422ca1cf4c031f00d1d3af87eeeb7fc6843c8eaffbdd3a4634907608,estimated_error,True,candidate - reference; negative favours candidate,100 * (reference - candidate) / abs(reference); positive favours candidate,1,1,1,0,0,1,0,0,0,,,,,,,,,,,,,,,,,,,wilcox,0,,,,global across all emitted Wilcoxon hypotheses,102,,False,0.05,"{""reference_metric_missing_or_nonfinite"":1}"
mapping,2577a60b-efeb-5683-93fc-007ea0cd77aa,xa202609-hardware-validation-v1,XA-202609 Boolean Oracle hardware validation,xa202609-final-v1,e673c165-45cc-5361-b064-00ae8fb881cf,cx_line_5_bidir,b2537b6e-04a2-5769-9029-faf04cb9b665,cx_line_5_bidir:seed-3,f83fa93fe7b7591c45de04f05ca491c3ca4a51da7bd1bdff7242979befecba2d,037c9a69-5e8d-516d-8a0a-5dda863d936b,neural_mcts[random-prior:202609],cd737171b6b1ddcd2a0f41fe036e5bda9ac37bd5927ad0eac5e83394237e07ef,fef5a6ec-e168-522a-b636-50e26d5a425f,neural_mcts[learned:6ba157fb9b55],f1171bd1422ca1cf4c031f00d1d3af87eeeb7fc6843c8eaffbdd3a4634907608,mapped_depth,True,candidate - reference; negative favours candidate,100 * (reference - candidate) / abs(reference); positive favours candidate,1,1,1,1,1,0,0,1,0,42.0,42.0,42.0,42.0,0.0,0.0,0.0,0.0,0.0,0.0,0.0,0.0,0.0,0.0,0.0,0.0,0.0,1.0,wilcox,0,0.0,0.0,0.0,global across all emitted Wilcoxon hypotheses,102,1.0,False,0.05,{}
mapping,2577a60b-efeb-5683-93fc-007ea0cd77aa,xa202609-hardware-validation-v1,XA-202609 Boolean Oracle hardware validation,xa202609-final-v1,e673c165-45cc-5361-b064-00ae8fb881cf,cx_line_5_bidir,b2537b6e-04a2-5769-9029-faf04cb9b665,cx_line_5_bidir:seed-3,f83fa93fe7b7591c45de04f05ca491c3ca4a51da7bd1bdff7242979befecba2d,037c9a69-5e8d-516d-8a0a-5dda863d936b,neural_mcts[random-prior:202609],cd737171b6b1ddcd2a0f41fe036e5bda9ac37bd5927ad0eac5e83394237e07ef,fef5a6ec-e168-522a-b636-50e26d5a425f,neural_mcts[learned:6ba157fb9b55],f1171bd1422ca1cf4c031f00d1d3af87eeeb7fc6843c8eaffbdd3a4634907608,mapping_runtime_s,True,candidate - reference; negative favours candidate,100 * (reference - candidate) / abs(reference); positive favours candidate,1,1,1,1,1,0,0,0,1,0.15442989999974088,0.15442989999974088,0.16443249999883847,0.16443249999883847,0.010002599999097583,0.010002599999097583,0.010002599999097583,0.010002599999097583,0.010002599999097583,0.010002599999097583,-6.47711356357439,-6.47711356357439,-6.47711356357439,-6.47711356357439,-6.47711356357439,-6.47711356357439,0.0,1.0,wilcox,1,-1.0,-1.0,-1.0,global across all emitted Wilcoxon hypotheses,102,1.0,False,0.05,{}
mapping,2577a60b-efeb-5683-93fc-007ea0cd77aa,xa202609-hardware-validation-v1,XA-202609 Boolean Oracle hardware validation,xa202609-final-v1,e673c165-45cc-5361-b064-00ae8fb881cf,cx_line_5_bidir,b2537b6e-04a2-5769-9029-faf04cb9b665,cx_line_5_bidir:seed-3,f83fa93fe7b7591c45de04f05ca491c3ca4a51da7bd1bdff7242979befecba2d,037c9a69-5e8d-516d-8a0a-5dda863d936b,neural_mcts[random-prior:202609],cd737171b6b1ddcd2a0f41fe036e5bda9ac37bd5927ad0eac5e83394237e07ef,fef5a6ec-e168-522a-b636-50e26d5a425f,neural_mcts[learned:6ba157fb9b55],f1171bd1422ca1cf4c031f00d1d3af87eeeb7fc6843c8eaffbdd3a4634907608,native_entangling_count,True,candidate - reference; negative favours candidate,100 * (reference - candidate) / abs(reference); positive favours candidate,1,1,1,1,1,0,0,1,0,29.0,29.0,29.0,29.0,0.0,0.0,0.0,0.0,0.0,0.0,0.0,0.0,0.0,0.0,0.0,0.0,0.0,1.0,wilcox,0,0.0,0.0,0.0,global across all emitted Wilcoxon hypotheses,102,1.0,False,0.05,{}
mapping,2577a60b-efeb-5683-93fc-007ea0cd77aa,xa202609-hardware-validation-v1,XA-202609 Boolean Oracle hardware validation,xa202609-final-v1,e673c165-45cc-5361-b064-00ae8fb881cf,cx_line_5_bidir,b2537b6e-04a2-5769-9029-faf04cb9b665,cx_line_5_bidir:seed-3,f83fa93fe7b7591c45de04f05ca491c3ca4a51da7bd1bdff7242979befecba2d,037c9a69-5e8d-516d-8a0a-5dda863d936b,neural_mcts[random-prior:202609],cd737171b6b1ddcd2a0f41fe036e5bda9ac37bd5927ad0eac5e83394237e07ef,fef5a6ec-e168-522a-b636-50e26d5a425f,neural_mcts[learned:6ba157fb9b55],f1171bd1422ca1cf4c031f00d1d3af87eeeb7fc6843c8eaffbdd3a4634907608,one_qubit_gate_count,True,candidate - reference; negative favours candidate,100 * (reference - candidate) / abs(reference); positive favours candidate,1,1,1,1,1,0,0,1,0,20.0,20.0,20.0,20.0,0.0,0.0,0.0,0.0,0.0,0.0,0.0,0.0,0.0,0.0,0.0,0.0,0.0,1.0,wilcox,0,0.0,0.0,0.0,global across all emitted Wilcoxon hypotheses,102,1.0,False,0.05,{}
mapping,2577a60b-efeb-5683-93fc-007ea0cd77aa,xa202609-hardware-validation-v1,XA-202609 Boolean Oracle hardware validation,xa202609-final-v1,e673c165-45cc-5361-b064-00ae8fb881cf,cx_line_5_bidir,b2537b6e-04a2-5769-9029-faf04cb9b665,cx_line_5_bidir:seed-3,f83fa93fe7b7591c45de04f05ca491c3ca4a51da7bd1bdff7242979befecba2d,037c9a69-5e8d-516d-8a0a-5dda863d936b,neural_mcts[random-prior:202609],cd737171b6b1ddcd2a0f41fe036e5bda9ac37bd5927ad0eac5e83394237e07ef,fef5a6ec-e168-522a-b636-50e26d5a425f,neural_mcts[learned:6ba157fb9b55],f1171bd1422ca1cf4c031f00d1d3af87eeeb7fc6843c8eaffbdd3a4634907608,routing_overhead,True,candidate - reference; negative favours candidate,100 * (reference - candidate) / abs(reference); positive favours candidate,1,1,1,1,1,0,0,1,0,1.0714285714285714,1.0714285714285714,1.0714285714285714,1.0714285714285714,0.0,0.0,0.0,0.0,0.0,0.0,0.0,0.0,0.0,0.0,0.0,0.0,0.0,1.0,wilcox,0,0.0,0.0,0.0,global across all emitted Wilcoxon hypotheses,102,1.0,False,0.05,{}
mapping,2577a60b-efeb-5683-93fc-007ea0cd77aa,xa202609-hardware-validation-v1,XA-202609 Boolean Oracle hardware validation,xa202609-final-v1,e673c165-45cc-5361-b064-00ae8fb881cf,cx_line_5_bidir,b2537b6e-04a2-5769-9029-faf04cb9b665,cx_line_5_bidir:seed-3,f83fa93fe7b7591c45de04f05ca491c3ca4a51da7bd1bdff7242979befecba2d,037c9a69-5e8d-516d-8a0a-5dda863d936b,neural_mcts[random-prior:202609],cd737171b6b1ddcd2a0f41fe036e5bda9ac37bd5927ad0eac5e83394237e07ef,fef5a6ec-e168-522a-b636-50e26d5a425f,neural_mcts[learned:6ba157fb9b55],f1171bd1422ca1cf4c031f00d1d3af87eeeb7fc6843c8eaffbdd3a4634907608,swap_count,True,candidate - reference; negative favours candidate,100 * (reference - candidate) / abs(reference); positive favours candidate,1,1,1,1,1,0,0,1,0,0.0,0.0,0.0,0.0,0.0,0.0,0.0,0.0,0.0,0.0,0.0,0.0,0.0,0.0,0.0,0.0,0.0,1.0,wilcox,0,0.0,0.0,0.0,global across all emitted Wilcoxon hypotheses,102,1.0,False,0.05,{}
mapping,2577a60b-efeb-5683-93fc-007ea0cd77aa,xa202609-hardware-validation-v1,XA-202609 Boolean Oracle hardware validation,xa202609-final-v1,e673c165-45cc-5361-b064-00ae8fb881cf,cx_line_5_bidir,b2537b6e-04a2-5769-9029-faf04cb9b665,cx_line_5_bidir:seed-3,f83fa93fe7b7591c45de04f05ca491c3ca4a51da7bd1bdff7242979befecba2d,037c9a69-5e8d-516d-8a0a-5dda863d936b,neural_mcts[random-prior:202609],cd737171b6b1ddcd2a0f41fe036e5bda9ac37bd5927ad0eac5e83394237e07ef,fef5a6ec-e168-522a-b636-50e26d5a425f,neural_mcts[learned:6ba157fb9b55],f1171bd1422ca1cf4c031f00d1d3af87eeeb7fc6843c8eaffbdd3a4634907608,total_gate_count,True,candidate - reference; negative favours candidate,100 * (reference - candidate) / abs(reference); positive favours candidate,1,1,1,1,1,0,0,1,0,49.0,49.0,49.0,49.0,0.0,0.0,0.0,0.0,0.0,0.0,0.0,0.0,0.0,0.0,0.0,0.0,0.0,1.0,wilcox,0,0.0,0.0,0.0,global across all emitted Wilcoxon hypotheses,102,1.0,False,0.05,{}
mapping,2577a60b-efeb-5683-93fc-007ea0cd77aa,xa202609-hardware-validation-v1,XA-202609 Boolean Oracle hardware validation,xa202609-final-v1,e673c165-45cc-5361-b064-00ae8fb881cf,cx_line_5_bidir,b2537b6e-04a2-5769-9029-faf04cb9b665,cx_line_5_bidir:seed-3,f83fa93fe7b7591c45de04f05ca491c3ca4a51da7bd1bdff7242979befecba2d,037c9a69-5e8d-516d-8a0a-5dda863d936b,neural_mcts[random-prior:202609],cd737171b6b1ddcd2a0f41fe036e5bda9ac37bd5927ad0eac5e83394237e07ef,fef5a6ec-e168-522a-b636-50e26d5a425f,neural_mcts[learned:6ba157fb9b55],f1171bd1422ca1cf4c031f00d1d3af87eeeb7fc6843c8eaffbdd3a4634907608,two_qubit_depth,True,candidate - reference; negative favours candidate,100 * (reference - candidate) / abs(reference); positive favours candidate,1,1,1,1,1,0,0,1,0,28.0,28.0,28.0,28.0,0.0,0.0,0.0,0.0,0.0,0.0,0.0,0.0,0.0,0.0,0.0,0.0,0.0,1.0,wilcox,0,0.0,0.0,0.0,global across all emitted Wilcoxon hypotheses,102,1.0,False,0.05,{}
mapping,2577a60b-efeb-5683-93fc-007ea0cd77aa,xa202609-hardware-validation-v1,XA-202609 Boolean Oracle hardware validation,xa202609-final-v1,e673c165-45cc-5361-b064-00ae8fb881cf,cx_line_5_bidir,b2537b6e-04a2-5769-9029-faf04cb9b665,cx_line_5_bidir:seed-3,f83fa93fe7b7591c45de04f05ca491c3ca4a51da7bd1bdff7242979befecba2d,037c9a69-5e8d-516d-8a0a-5dda863d936b,neural_mcts[random-prior:202609],cd737171b6b1ddcd2a0f41fe036e5bda9ac37bd5927ad0eac5e83394237e07ef,fef5a6ec-e168-522a-b636-50e26d5a425f,neural_mcts[learned:6ba157fb9b55],f1171bd1422ca1cf4c031f00d1d3af87eeeb7fc6843c8eaffbdd3a4634907608,two_qubit_gate_count,True,candidate - reference; negative favours candidate,100 * (reference - candidate) / abs(reference); positive favours candidate,1,1,1,1,1,0,0,1,0,29.0,29.0,29.0,29.0,0.0,0.0,0.0,0.0,0.0,0.0,0.0,0.0,0.0,0.0,0.0,0.0,0.0,1.0,wilcox,0,0.0,0.0,0.0,global across all emitted Wilcoxon hypotheses,102,1.0,False,0.05,{}
mapping,2577a60b-efeb-5683-93fc-007ea0cd77aa,xa202609-hardware-validation-v1,XA-202609 Boolean Oracle hardware validation,xa202609-final-v1,e673c165-45cc-5361-b064-00ae8fb881cf,cx_line_5_bidir,b2537b6e-04a2-5769-9029-faf04cb9b665,cx_line_5_bidir:seed-3,f83fa93fe7b7591c45de04f05ca491c3ca4a51da7bd1bdff7242979befecba2d,c86c00cf-bb9b-591a-b042-c61950b1ae81,neural_mcts[uniform-prior],f4a472c2f6999cf836044652a3d548752f1e05e9157886a5fc0db5c8215dfc16,fef5a6ec-e168-522a-b636-50e26d5a425f,neural_mcts[learned:6ba157fb9b55],f1171bd1422ca1cf4c031f00d1d3af87eeeb7fc6843c8eaffbdd3a4634907608,estimated_error,True,candidate - reference; negative favours candidate,100 * (reference - candidate) / abs(reference); positive favours candidate,1,1,1,0,0,1,0,0,0,,,,,,,,,,,,,,,,,,,wilcox,0,,,,global across all emitted Wilcoxon hypotheses,102,,False,0.05,"{""reference_metric_missing_or_nonfinite"":1}"
mapping,2577a60b-efeb-5683-93fc-007ea0cd77aa,xa202609-hardware-validation-v1,XA-202609 Boolean Oracle hardware validation,xa202609-final-v1,e673c165-45cc-5361-b064-00ae8fb881cf,cx_line_5_bidir,b2537b6e-04a2-5769-9029-faf04cb9b665,cx_line_5_bidir:seed-3,f83fa93fe7b7591c45de04f05ca491c3ca4a51da7bd1bdff7242979befecba2d,c86c00cf-bb9b-591a-b042-c61950b1ae81,neural_mcts[uniform-prior],f4a472c2f6999cf836044652a3d548752f1e05e9157886a5fc0db5c8215dfc16,fef5a6ec-e168-522a-b636-50e26d5a425f,neural_mcts[learned:6ba157fb9b55],f1171bd1422ca1cf4c031f00d1d3af87eeeb7fc6843c8eaffbdd3a4634907608,mapped_depth,True,candidate - reference; negative favours candidate,100 * (reference - candidate) / abs(reference); positive favours candidate,1,1,1,1,1,0,0,1,0,42.0,42.0,42.0,42.0,0.0,0.0,0.0,0.0,0.0,0.0,0.0,0.0,0.0,0.0,0.0,0.0,0.0,1.0,wilcox,0,0.0,0.0,0.0,global across all emitted Wilcoxon hypotheses,102,1.0,False,0.05,{}
mapping,2577a60b-efeb-5683-93fc-007ea0cd77aa,xa202609-hardware-validation-v1,XA-202609 Boolean Oracle hardware validation,xa202609-final-v1,e673c165-45cc-5361-b064-00ae8fb881cf,cx_line_5_bidir,b2537b6e-04a2-5769-9029-faf04cb9b665,cx_line_5_bidir:seed-3,f83fa93fe7b7591c45de04f05ca491c3ca4a51da7bd1bdff7242979befecba2d,c86c00cf-bb9b-591a-b042-c61950b1ae81,neural_mcts[uniform-prior],f4a472c2f6999cf836044652a3d548752f1e05e9157886a5fc0db5c8215dfc16,fef5a6ec-e168-522a-b636-50e26d5a425f,neural_mcts[learned:6ba157fb9b55],f1171bd1422ca1cf4c031f00d1d3af87eeeb7fc6843c8eaffbdd3a4634907608,mapping_runtime_s,True,candidate - reference; negative favours candidate,100 * (reference - candidate) / abs(reference); positive favours candidate,1,1,1,1,1,0,1,0,0,0.16485009999996691,0.16485009999996691,0.16443249999883847,0.16443249999883847,-0.00041760000112844864,-0.00041760000112844864,-0.00041760000112844864,-0.00041760000112844864,-0.00041760000112844864,-0.00041760000112844864,0.25332104810887734,0.25332104810887734,0.25332104810887734,0.25332104810887734,0.25332104810887734,0.25332104810887734,0.0,1.0,wilcox,1,1.0,1.0,1.0,global across all emitted Wilcoxon hypotheses,102,1.0,False,0.05,{}
mapping,2577a60b-efeb-5683-93fc-007ea0cd77aa,xa202609-hardware-validation-v1,XA-202609 Boolean Oracle hardware validation,xa202609-final-v1,e673c165-45cc-5361-b064-00ae8fb881cf,cx_line_5_bidir,b2537b6e-04a2-5769-9029-faf04cb9b665,cx_line_5_bidir:seed-3,f83fa93fe7b7591c45de04f05ca491c3ca4a51da7bd1bdff7242979befecba2d,c86c00cf-bb9b-591a-b042-c61950b1ae81,neural_mcts[uniform-prior],f4a472c2f6999cf836044652a3d548752f1e05e9157886a5fc0db5c8215dfc16,fef5a6ec-e168-522a-b636-50e26d5a425f,neural_mcts[learned:6ba157fb9b55],f1171bd1422ca1cf4c031f00d1d3af87eeeb7fc6843c8eaffbdd3a4634907608,native_entangling_count,True,candidate - reference; negative favours candidate,100 * (reference - candidate) / abs(reference); positive favours candidate,1,1,1,1,1,0,0,1,0,29.0,29.0,29.0,29.0,0.0,0.0,0.0,0.0,0.0,0.0,0.0,0.0,0.0,0.0,0.0,0.0,0.0,1.0,wilcox,0,0.0,0.0,0.0,global across all emitted Wilcoxon hypotheses,102,1.0,False,0.05,{}
mapping,2577a60b-efeb-5683-93fc-007ea0cd77aa,xa202609-hardware-validation-v1,XA-202609 Boolean Oracle hardware validation,xa202609-final-v1,e673c165-45cc-5361-b064-00ae8fb881cf,cx_line_5_bidir,b2537b6e-04a2-5769-9029-faf04cb9b665,cx_line_5_bidir:seed-3,f83fa93fe7b7591c45de04f05ca491c3ca4a51da7bd1bdff7242979befecba2d,c86c00cf-bb9b-591a-b042-c61950b1ae81,neural_mcts[uniform-prior],f4a472c2f6999cf836044652a3d548752f1e05e9157886a5fc0db5c8215dfc16,fef5a6ec-e168-522a-b636-50e26d5a425f,neural_mcts[learned:6ba157fb9b55],f1171bd1422ca1cf4c031f00d1d3af87eeeb7fc6843c8eaffbdd3a4634907608,one_qubit_gate_count,True,candidate - reference; negative favours candidate,100 * (reference - candidate) / abs(reference); positive favours candidate,1,1,1,1,1,0,0,1,0,20.0,20.0,20.0,20.0,0.0,0.0,0.0,0.0,0.0,0.0,0.0,0.0,0.0,0.0,0.0,0.0,0.0,1.0,wilcox,0,0.0,0.0,0.0,global across all emitted Wilcoxon hypotheses,102,1.0,False,0.05,{}
mapping,2577a60b-efeb-5683-93fc-007ea0cd77aa,xa202609-hardware-validation-v1,XA-202609 Boolean Oracle hardware validation,xa202609-final-v1,e673c165-45cc-5361-b064-00ae8fb881cf,cx_line_5_bidir,b2537b6e-04a2-5769-9029-faf04cb9b665,cx_line_5_bidir:seed-3,f83fa93fe7b7591c45de04f05ca491c3ca4a51da7bd1bdff7242979befecba2d,c86c00cf-bb9b-591a-b042-c61950b1ae81,neural_mcts[uniform-prior],f4a472c2f6999cf836044652a3d548752f1e05e9157886a5fc0db5c8215dfc16,fef5a6ec-e168-522a-b636-50e26d5a425f,neural_mcts[learned:6ba157fb9b55],f1171bd1422ca1cf4c031f00d1d3af87eeeb7fc6843c8eaffbdd3a4634907608,routing_overhead,True,candidate - reference; negative favours candidate,100 * (reference - candidate) / abs(reference); positive favours candidate,1,1,1,1,1,0,0,1,0,1.0714285714285714,1.0714285714285714,1.0714285714285714,1.0714285714285714,0.0,0.0,0.0,0.0,0.0,0.0,0.0,0.0,0.0,0.0,0.0,0.0,0.0,1.0,wilcox,0,0.0,0.0,0.0,global across all emitted Wilcoxon hypotheses,102,1.0,False,0.05,{}
mapping,2577a60b-efeb-5683-93fc-007ea0cd77aa,xa202609-hardware-validation-v1,XA-202609 Boolean Oracle hardware validation,xa202609-final-v1,e673c165-45cc-5361-b064-00ae8fb881cf,cx_line_5_bidir,b2537b6e-04a2-5769-9029-faf04cb9b665,cx_line_5_bidir:seed-3,f83fa93fe7b7591c45de04f05ca491c3ca4a51da7bd1bdff7242979befecba2d,c86c00cf-bb9b-591a-b042-c61950b1ae81,neural_mcts[uniform-prior],f4a472c2f6999cf836044652a3d548752f1e05e9157886a5fc0db5c8215dfc16,fef5a6ec-e168-522a-b636-50e26d5a425f,neural_mcts[learned:6ba157fb9b55],f1171bd1422ca1cf4c031f00d1d3af87eeeb7fc6843c8eaffbdd3a4634907608,swap_count,True,candidate - reference; negative favours candidate,100 * (reference - candidate) / abs(reference); positive favours candidate,1,1,1,1,1,0,0,1,0,0.0,0.0,0.0,0.0,0.0,0.0,0.0,0.0,0.0,0.0,0.0,0.0,0.0,0.0,0.0,0.0,0.0,1.0,wilcox,0,0.0,0.0,0.0,global across all emitted Wilcoxon hypotheses,102,1.0,False,0.05,{}
mapping,2577a60b-efeb-5683-93fc-007ea0cd77aa,xa202609-hardware-validation-v1,XA-202609 Boolean Oracle hardware validation,xa202609-final-v1,e673c165-45cc-5361-b064-00ae8fb881cf,cx_line_5_bidir,b2537b6e-04a2-5769-9029-faf04cb9b665,cx_line_5_bidir:seed-3,f83fa93fe7b7591c45de04f05ca491c3ca4a51da7bd1bdff7242979befecba2d,c86c00cf-bb9b-591a-b042-c61950b1ae81,neural_mcts[uniform-prior],f4a472c2f6999cf836044652a3d548752f1e05e9157886a5fc0db5c8215dfc16,fef5a6ec-e168-522a-b636-50e26d5a425f,neural_mcts[learned:6ba157fb9b55],f1171bd1422ca1cf4c031f00d1d3af87eeeb7fc6843c8eaffbdd3a4634907608,total_gate_count,True,candidate - reference; negative favours candidate,100 * (reference - candidate) / abs(reference); positive favours candidate,1,1,1,1,1,0,0,1,0,49.0,49.0,49.0,49.0,0.0,0.0,0.0,0.0,0.0,0.0,0.0,0.0,0.0,0.0,0.0,0.0,0.0,1.0,wilcox,0,0.0,0.0,0.0,global across all emitted Wilcoxon hypotheses,102,1.0,False,0.05,{}
mapping,2577a60b-efeb-5683-93fc-007ea0cd77aa,xa202609-hardware-validation-v1,XA-202609 Boolean Oracle hardware validation,xa202609-final-v1,e673c165-45cc-5361-b064-00ae8fb881cf,cx_line_5_bidir,b2537b6e-04a2-5769-9029-faf04cb9b665,cx_line_5_bidir:seed-3,f83fa93fe7b7591c45de04f05ca491c3ca4a51da7bd1bdff7242979befecba2d,c86c00cf-bb9b-591a-b042-c61950b1ae81,neural_mcts[uniform-prior],f4a472c2f6999cf836044652a3d548752f1e05e9157886a5fc0db5c8215dfc16,fef5a6ec-e168-522a-b636-50e26d5a425f,neural_mcts[learned:6ba157fb9b55],f1171bd1422ca1cf4c031f00d1d3af87eeeb7fc6843c8eaffbdd3a4634907608,two_qubit_depth,True,candidate - reference; negative favours candidate,100 * (reference - candidate) / abs(reference); positive favours candidate,1,1,1,1,1,0,0,1,0,28.0,28.0,28.0,28.0,0.0,0.0,0.0,0.0,0.0,0.0,0.0,0.0,0.0,0.0,0.0,0.0,0.0,1.0,wilcox,0,0.0,0.0,0.0,global across all emitted Wilcoxon hypotheses,102,1.0,False,0.05,{}
mapping,2577a60b-efeb-5683-93fc-007ea0cd77aa,xa202609-hardware-validation-v1,XA-202609 Boolean Oracle hardware validation,xa202609-final-v1,e673c165-45cc-5361-b064-00ae8fb881cf,cx_line_5_bidir,b2537b6e-04a2-5769-9029-faf04cb9b665,cx_line_5_bidir:seed-3,f83fa93fe7b7591c45de04f05ca491c3ca4a51da7bd1bdff7242979befecba2d,c86c00cf-bb9b-591a-b042-c61950b1ae81,neural_mcts[uniform-prior],f4a472c2f6999cf836044652a3d548752f1e05e9157886a5fc0db5c8215dfc16,fef5a6ec-e168-522a-b636-50e26d5a425f,neural_mcts[learned:6ba157fb9b55],f1171bd1422ca1cf4c031f00d1d3af87eeeb7fc6843c8eaffbdd3a4634907608,two_qubit_gate_count,True,candidate - reference; negative favours candidate,100 * (reference - candidate) / abs(reference); positive favours candidate,1,1,1,1,1,0,0,1,0,29.0,29.0,29.0,29.0,0.0,0.0,0.0,0.0,0.0,0.0,0.0,0.0,0.0,0.0,0.0,0.0,0.0,1.0,wilcox,0,0.0,0.0,0.0,global across all emitted Wilcoxon hypotheses,102,1.0,False,0.05,{}
