correct,functions,mean_depth,mean_peak_ancilla,mean_score,mean_time_s,method,n,total_CNOT,total_T
8,8,46385.75,3.375,32476.78875,3.0415740609169006,and_boolean_linear_pair_screen,19,371084,238020
8,8,45317.375,2.875,31716.819374999995,10.825965285301208,and_boolean_linear_pair_screen,20,362539,232448
8,8,43250.75,3.75,30279.903749999998,16.741990983486176,and_boolean_linear_pair_screen_adaptive,19,346004,221908
8,8,42400.25,3.5,29672.20625,28.285011500120163,and_boolean_linear_pair_screen_adaptive,20,339202,217448
8,8,43161.0,3.75,30171.785,299.99503296613693,and_resource_nmcts,19,345286,221084
8,8,42400.25,3.5,29672.20625,89.56547600030899,and_resource_nmcts,20,339202,217448
8,8,43161.0,3.75,30171.785,300.00578168034554,and_resource_nmcts_screen_gate,19,345286,221084
8,8,42400.25,3.5,29672.20625,28.907597541809082,and_resource_nmcts_screen_gate,20,339202,217448
