split,pairs,skips,true_skips,false_skips,score_wins,score_losses,score_ties,mean_rel_score_vs_depth2,mean_rel_time_vs_depth2,mean_rel_time_vs_all_depth
train,480,12,12,0,0,0,480,0.0,-0.0015959158451573257,-0.23617160385634878
valid,144,3,3,0,0,0,144,0.0,-0.002821806817121166,-0.2344983478702529
test,96,4,4,0,0,0,96,0.0,-0.005396417871273198,-0.2473565249956117
