losses,mean_baseline,mean_relative_pct,mean_target,metric,pairs,ties,wins
4,27408.25,7.537264070483704,27459.75,T,16,12,0
4,42780.5,3.3985292821067308,42825.375,CNOT,16,12,0
4,42780.625,3.3979060232106146,42825.5,depth,16,12,0
0,3.625,0.0,3.625,peak_ancilla,16,16,0
4,29921.995625,7.06816975149191,29976.054999999997,score,16,12,0
0,194.78025448322296,-84.26868114834262,22.51350124180317,time_s,16,0,16
