baseline_CNOT,baseline_T,baseline_depth,baseline_peak_ancilla,baseline_score,baseline_time_s,name,relative_CNOT_pct,relative_T_pct,relative_depth_pct,relative_peak_ancilla_pct,relative_score_pct,relative_time_s_pct,target_CNOT,target_T,target_depth,target_peak_ancilla,target_score,target_time_s
148.0,76.0,148.0,1.0,86.86,10.509876012802124,anf_n20_0,0.0,0.0,0.0,0.0,0.0,98.0564074161076,148.0,76.0,148.0,1.0,86.86,20.81548285484314
110351.0,70936.0,110351.0,6.0,77411.45499999999,47.3557288646698,anf_n20_1,0.0,0.0,0.0,0.0,0.0,24.066750374776607,110351.0,70936.0,110351.0,6.0,77411.45499999999,58.75271391868591
10739.0,6744.0,10739.0,4.0,7382.595,14.044919967651367,anf_n20_2,0.0,0.0,0.0,0.0,0.0,73.67222417401963,10739.0,6744.0,10739.0,4.0,7382.595,24.392124891281128
2232.0,1356.0,2232.0,2.0,1491.52,11.23277997970581,anf_n20_3,0.0,0.0,0.0,0.0,0.0,93.2153314066182,2232.0,1356.0,2232.0,2.0,1491.52,21.703453063964844
59664.0,38032.0,59664.0,5.0,41539.84,30.485979795455933,anf_n20_4,0.0,0.0,0.0,0.0,0.0,34.86895771541326,59664.0,38032.0,59664.0,5.0,41539.84,41.11612319946289
121.0,68.0,121.0,0.0,75.185,10.377702951431274,anf_n20_5,0.0,0.0,0.0,0.0,0.0,95.59810142802297,121.0,68.0,121.0,0.0,75.185,20.298589944839478
