baseline_CNOT,baseline_T,baseline_depth,baseline_peak_ancilla,baseline_score,baseline_time_s,name,relative_CNOT_pct,relative_T_pct,relative_depth_pct,relative_peak_ancilla_pct,relative_score_pct,relative_time_s_pct,target_CNOT,target_T,target_depth,target_peak_ancilla,target_score,target_time_s
148.0,76.0,148.0,1.0,86.86,62.460066080093384,anf_n20_0,0.0,0.0,0.0,0.0,0.0,-66.67393398503427,148.0,76.0,148.0,1.0,86.86,20.81548285484314
110351.0,70936.0,110351.0,6.0,77411.45499999999,115.75365018844604,anf_n20_1,0.0,0.0,0.0,0.0,0.0,-49.24331645435202,110351.0,70936.0,110351.0,6.0,77411.45499999999,58.75271391868591
10739.0,6744.0,10739.0,4.0,7382.595,67.58878302574158,anf_n20_2,0.0,0.0,0.0,0.0,0.0,-63.91098670619465,10739.0,6744.0,10739.0,4.0,7382.595,24.392124891281128
2232.0,1356.0,2232.0,2.0,1491.52,64.01261115074158,anf_n20_3,0.0,0.0,0.0,0.0,0.0,-66.09503553470742,2232.0,1356.0,2232.0,2.0,1491.52,21.703453063964844
59664.0,38032.0,59664.0,5.0,41539.84,91.19478392601013,anf_n20_4,0.0,0.0,0.0,0.0,0.0,-54.913952937459676,59664.0,38032.0,59664.0,5.0,41539.84,41.11612319946289
121.0,68.0,121.0,0.0,75.185,61.5862250328064,anf_n20_5,0.0,0.0,0.0,0.0,0.0,-67.04037317756266,121.0,68.0,121.0,0.0,75.185,20.298589944839478
