split,pairs,skips,true_skips,false_skips,score_wins,score_losses,score_ties,mean_rel_score_vs_depth2,mean_rel_time_vs_depth2,mean_rel_time_vs_all_depth
train,240,22,22,0,0,0,240,0.0,0.2582614219543521,-0.04492340046663601
valid,72,3,3,0,0,0,72,0.0,0.26536058505734045,-0.01613115781013374
test,48,3,3,0,0,0,48,0.0,0.39447058220419007,-0.02865895916968832
