losses,mean_baseline,mean_relative_pct,mean_target,metric,pairs,ties,wins
0,27408.25,0.0,27408.25,T,16,16,0
0,42780.5,0.0,42780.5,CNOT,16,16,0
0,42780.625,0.0,42780.625,depth,16,16,0
0,3.625,0.0,3.625,peak_ancilla,16,16,0
0,29921.995625,0.0,29921.995625,score,16,16,0
5,194.78025448322296,-36.82974216133293,164.4566896110773,time_s,16,0,11
