correct,functions,mean_depth,mean_peak_ancilla,mean_score,mean_time_s,method,n,total_CNOT,total_T
32,32,233.8125,13177.8125,84868.6696875,0.5197430923581123,external_abc_aig,15,4216932,1686760
32,32,280.9375,16608.90625,103660.7671875,0.3078659251332283,external_abc_xag,15,3179242,2116240
32,32,89613.625,2836.28125,55331.983125,1.2562854811549187,external_bdd,15,2507520,1431424
