functions,mean_CNOT,mean_T,mean_depth,mean_peak_ancilla,mean_score,mean_time_s,method,variant
177,94.36158192090396,45.87570621468927,98.91525423728814,1.88135593220339,55.36983050847458,1.4466207229484946,and_affine_nmcts,learned_prior
177,85.34463276836158,41.44632768361582,90.22033898305085,2.005649717514124,50.663305084745765,1.8788467450330486,and_pareto_resource_nmcts,learned_prior
177,93.48587570621469,45.740112994350284,98.48587570621469,1.8926553672316384,55.214463276836156,1.6023557846155543,and_resource_nmcts,learned_prior
177,95.48022598870057,46.4180790960452,100.12994350282486,1.887005649717514,55.992627118644066,0.13182567472511766,and_affine_nmcts,no_prior
177,85.78531073446328,41.67231638418079,90.85875706214689,2.0395480225988702,50.988531073446325,1.5737799776475982,and_pareto_resource_nmcts,no_prior
177,94.35028248587571,46.23728813559322,99.48022598870057,1.9039548022598871,55.788587570621466,0.1542548688791566,and_resource_nmcts,no_prior
