split,pairs,skips,true_skips,false_skips,score_wins,score_losses,score_ties,mean_rel_score_vs_depth2,mean_rel_time_vs_depth2,mean_rel_time_vs_all_depth
train,240,22,22,0,0,0,240,0.0,0.2595902930902642,-0.044759738576955165
valid,72,3,3,0,0,0,72,0.0,0.2650257233112276,-0.01612657074293471
test,48,3,3,0,0,0,48,0.0,0.3943383164054471,-0.02875541744752786
