correct,functions,mean_depth,mean_peak_ancilla,mean_score,mean_time_s,method,n,total_CNOT,total_T
3,3,14.0,0.0,6.123333333333334,0.00011110305786132812,external_sshr_h,3,38,16
69,69,38.88405797101449,0.9855072463768116,32.50123188405797,0.00025119988814644193,external_sshr_h,4,2052,1972
3,3,12.666666666666666,0.0,3.283333333333334,0.05810809135437012,external_sshr_i_cnot,3,25,8
69,69,31.10144927536232,0.9710144927536232,28.12304347826087,0.29362854750260065,external_sshr_i_cnot,4,1623,1700
3,3,9.333333333333334,0.0,3.2,0.05733402570088705,external_sshr_i_t,3,25,8
69,69,30.3768115942029,0.9710144927536232,28.111884057971015,0.6225654353266177,external_sshr_i_t,4,1635,1700
